CLTV,Contract,Dependents,Multiple Lines,Offer,Satisfaction Score,Tenure in Months,Total Charges,Total Revenue,Churn
4849,24,0,0,0.0,3,25,2191.15,2677.15,0
3715,1,0,1,0.0,3,35,3418.2,5014.9,0
5092,1,0,0,0.0,5,46,851.2,1590.42,0
2068,12,0,0,0.0,4,27,1246.4,1276.4,0
4026,12,0,0,1.0,2,58,3563.8,4562.56,1
5351,1,0,1,1.0,1,3,329.95,375.77,1
5436,1,0,0,0.0,3,24,2210.2,2455.72,0
5413,1,0,1,1.0,2,63,6215.35,6781.09,1
5388,24,0,1,1.0,5,72,7943.45,11169.77,0
3172,1,1,1,0.0,4,2,134.6,164.36,0
2364,12,0,1,0.0,3,31,2835.5,4207.56,0
2901,24,0,0,1.0,4,2,153.8,219.04,0
4515,12,0,0,1.0,3,64,4688.65,6393.61,0
2876,1,0,0,0.0,1,3,222.3,301.08,1
4143,24,1,0,0.0,4,11,601.25,731.71,0
3182,1,0,0,0.0,2,17,1313.55,1833.92,1
5061,12,0,1,0.0,3,59,5483.9,6643.16,0
4114,24,0,1,0.0,4,68,4911.35,6725.86,0
4237,24,1,1,0.0,3,72,5750.0,5946.56,0
2699,1,0,0,0.0,2,1,70.05,97.94,1
4691,12,0,0,0.0,4,32,624.15,2025.75,0
4592,1,0,1,1.0,4,1,61.15,78.22,0
2651,1,1,0,0.0,4,6,377.85,608.85,0
5166,1,0,1,0.0,1,47,4871.05,5292.64,1
5190,24,1,0,0.0,5,12,224.5,455.86,0
3142,1,0,0,0.0,3,6,109.2,393.96,0
4017,1,0,1,0.0,2,1,59.85,81.9,1
5345,1,0,0,0.0,3,1,71.0,99.64,1
2677,12,0,1,0.0,4,42,3944.5,5820.68,0
4311,24,0,0,0.0,4,70,1328.35,4158.76,0
5944,1,0,1,1.0,1,2,162.45,196.89,1
3585,1,1,0,0.0,1,9,651.4,970.81,1
5605,1,1,1,0.0,3,4,224.85,365.65,0
6334,24,0,1,0.0,5,71,1873.7,5057.34,0
2482,1,0,1,0.0,1,30,2758.15,4134.55,1
4480,24,1,0,0.0,3,72,5886.85,6819.97,0
2388,1,0,0,1.0,4,2,129.2,144.64,0
3828,24,1,0,1.0,5,48,1027.25,1921.97,0
2187,1,0,1,0.0,2,2,169.8,197.94,1
2039,1,0,1,0.0,2,26,1616.15,2196.73,1
5611,1,1,0,1.0,3,13,659.35,1005.54,0
6123,12,1,0,1.0,4,66,5013.0,6960.0,0
3854,1,0,0,1.0,3,14,283.75,892.75,0
3972,1,0,1,1.0,1,3,229.5,335.04,1
4634,24,0,0,1.0,3,55,3617.1,5102.1,0
6285,1,0,0,1.0,4,51,1459.35,1459.35,0
4507,24,0,0,1.0,4,62,2748.7,2748.7,0
2768,24,0,0,0.0,3,38,3147.15,3252.13,0
5295,24,0,0,0.0,5,72,4641.1,4641.1,0
6202,24,1,1,1.0,5,72,6130.85,9298.85,0
5946,24,0,0,1.0,5,54,1035.7,1620.52,0
4990,1,0,1,0.0,1,10,856.65,1321.65,1
6019,12,0,1,1.0,3,58,5458.8,8090.26,0
5870,12,1,1,0.0,5,58,6004.85,7966.41,0
4521,1,0,0,1.0,5,4,202.3,209.82,0
5474,1,0,0,1.0,2,18,600.0,600.0,1
5448,12,0,1,1.0,3,24,592.65,1728.57,0
4081,12,0,1,1.0,3,67,5903.15,8403.59,0
2709,12,0,1,1.0,4,38,3887.25,4052.17,0
5527,1,0,0,1.0,3,1,20.9,36.41,1
5219,24,0,1,1.0,3,72,5980.55,8229.43,0
5861,1,0,1,1.0,1,1,74.6,119.33,1
5056,1,1,0,0.0,3,40,2460.35,3265.55,0
2898,24,1,0,0.0,3,13,590.35,590.35,0
4908,12,0,1,0.0,4,63,6590.8,7942.15,0
4032,24,0,1,0.0,3,72,5682.25,6821.29,0
6183,1,0,1,1.0,3,66,6595.0,9442.24,0
4051,24,1,0,0.0,5,66,3632.0,3585.25,0
3100,24,0,0,1.0,3,12,552.1,552.1,0
5816,24,0,1,1.0,4,63,4479.2,7162.37,0
3972,24,0,0,0.0,4,43,3460.3,5092.19,0
4533,1,0,1,0.0,3,9,661.25,956.28,1
2886,12,0,0,1.0,5,28,2483.65,2866.97,0
5266,24,1,1,0.0,3,69,4059.85,6755.68,0
5269,24,0,1,0.0,4,67,6841.05,9444.0,0
4501,12,0,1,1.0,3,60,1505.9,2491.1,0
5870,1,0,0,1.0,5,2,92.75,129.99,0
2933,1,0,0,0.0,1,19,733.35,733.35,1
5962,1,1,0,1.0,4,14,824.85,1442.81,0
5284,1,1,0,1.0,4,43,2169.4,2798.92,0
5870,12,0,0,0.0,4,32,2201.75,3624.15,0
5475,24,1,1,0.0,3,72,1851.45,4293.69,0
3728,24,0,1,1.0,4,18,1743.9,1778.46,0
4770,12,0,0,1.0,3,52,4738.3,6366.42,0
4761,12,0,0,1.0,4,25,516.3,605.8,0
4368,12,0,1,0.0,4,56,4014.0,5515.92,0
4799,1,0,0,0.0,3,2,132.4,179.44,0
4080,1,0,0,0.0,4,7,418.3,476.33,0
2967,1,0,0,0.0,3,13,300.8,300.8,1
5087,24,0,0,1.0,3,33,3027.65,4599.77,0
5154,12,0,1,0.0,5,49,5168.1,6401.58,0
5374,1,0,0,1.0,2,12,950.2,1033.84,1
4968,12,0,1,1.0,5,60,6157.6,7310.8,0
6005,24,1,0,1.0,4,67,3838.2,4578.5,0
3104,12,0,1,1.0,4,27,2964.0,3892.53,0
3700,1,0,0,0.0,3,1,44.7,76.78,1
3711,1,0,0,1.0,5,3,239.05,387.58,0
5804,1,1,0,1.0,3,49,4494.65,5069.91,0
3172,1,0,1,0.0,5,29,2414.55,2720.5,0
5610,24,0,1,0.0,5,30,2181.75,3396.75,0
2061,1,0,1,1.0,5,12,1066.9,1401.9,0
5372,12,0,0,1.0,3,71,3985.35,3985.35,0
4543,12,0,0,1.0,4,47,4730.6,4845.75,0
5665,12,0,1,1.0,4,54,5121.75,7224.85,0
5830,1,0,1,1.0,3,19,1789.25,2533.78,1
3678,1,0,0,1.0,4,1,20.8,68.94,0
3689,1,0,1,0.0,3,17,1614.7,1679.81,0
5507,12,0,1,0.0,3,60,6441.4,8614.8,1
3423,12,1,0,0.0,5,44,2317.1,2327.1,0
5584,24,1,1,0.0,3,72,6843.15,8192.43,0
2745,24,1,0,0.0,3,37,726.1,1029.87,0
5493,12,0,0,1.0,3,60,2911.5,2911.5,0
3443,1,0,1,1.0,5,17,1345.65,2109.97,0
3443,1,0,0,0.0,1,8,583.45,799.37,1
5649,24,0,1,1.0,3,65,6631.85,8435.6,0
5361,1,0,0,0.0,3,2,190.5,199.8,0
4694,1,0,0,1.0,3,4,102.5,102.5,1
5638,1,0,1,0.0,2,7,545.15,771.95,1
3009,1,0,0,0.0,3,2,44.4,144.22,0
6483,24,0,1,0.0,5,55,4323.35,5769.85,0
3540,1,1,0,0.0,5,13,382.2,392.2,0
5597,24,0,0,0.0,3,34,1765.95,1765.95,0
4969,24,0,0,1.0,4,72,4754.3,4754.3,0
2088,1,0,0,0.0,1,3,58.9,58.9,1
5092,12,1,0,0.0,3,56,1971.5,2031.5,0
4001,1,1,0,1.0,3,12,235.8,468.36,0
3038,1,0,1,1.0,1,41,4527.45,5411.41,1
4882,1,0,1,0.0,3,57,4884.85,6494.41,0
3801,1,0,1,0.0,4,37,2976.95,4576.12,0
5795,1,0,0,1.0,3,34,2524.45,2577.15,1
5700,24,0,1,0.0,4,63,6841.4,7513.61,0
4115,1,0,1,0.0,1,31,3019.5,3135.22,1
3663,1,0,0,1.0,3,1,20.4,42.52,1
3359,1,1,0,0.0,3,24,1706.45,2776.13,0
2645,12,0,0,1.0,3,38,2497.35,2715.85,1
4029,24,0,0,1.0,3,60,3483.45,5967.45,0
5444,24,0,1,0.0,3,72,7962.2,8273.24,0
2656,24,1,1,1.0,5,22,1961.6,2845.78,0
4983,12,0,1,0.0,4,30,3327.05,3721.85,0
5348,12,0,0,0.0,4,65,6126.15,8616.95,0
6317,24,1,1,1.0,4,72,5824.75,6534.59,0
3443,1,0,0,1.0,2,4,196.95,356.55,1
5941,12,1,0,0.0,3,22,1031.4,1031.4,0
4868,1,0,1,1.0,5,7,152.95,468.86,0
5390,12,1,0,1.0,3,55,998.1,2521.6,0
4116,24,0,0,1.0,5,53,1005.7,1552.66,0
4022,12,0,1,1.0,3,34,3899.05,4660.99,0
3652,1,0,0,0.0,3,19,1130.85,1288.55,0
4741,1,0,0,1.0,3,12,947.3,1457.9,1
4135,12,0,0,0.0,3,53,5835.5,6189.54,0
5964,1,0,0,0.0,1,13,1008.7,1171.72,1
5535,1,0,0,1.0,4,4,84.5,214.66,0
2011,24,0,0,1.0,4,41,899.45,2353.31,0
3407,1,1,1,0.0,3,37,3532.85,5050.96,0
3459,24,0,0,1.0,3,47,3510.3,3673.39,0
5822,1,0,0,0.0,3,25,2686.05,2946.05,0
5536,1,0,1,1.0,1,1,93.55,123.72,1
2056,24,0,0,0.0,3,40,780.1,1989.3,0
4110,1,0,0,1.0,1,6,389.1,492.18,1
4847,12,0,1,0.0,3,56,5514.95,8141.35,0
4736,12,0,1,1.0,1,48,5037.55,5342.83,1
4620,12,0,1,1.0,4,59,6152.3,8580.15,0
4273,24,0,0,0.0,4,63,7049.75,7877.57,0
4830,1,0,1,0.0,4,3,170.5,300.8,0
2683,1,0,1,0.0,1,2,155.8,166.44,1
6440,24,1,0,1.0,4,58,1158.85,1843.83,0
6034,24,0,0,0.0,5,65,3808.2,4473.15,0
2994,12,0,1,1.0,5,41,2364.0,3859.27,0
3363,24,0,0,0.0,5,45,4285.8,6452.75,0
4971,1,0,0,1.0,2,9,853.1,1091.69,1
5427,12,0,0,1.0,3,48,3094.65,5488.89,0
4836,24,1,0,0.0,5,1,20.35,50.44,0
4309,24,1,0,0.0,5,24,2263.45,2762.17,0
4544,1,0,1,0.0,2,36,3457.9,4335.3,1
4673,24,1,1,1.0,4,61,1498.35,3453.4,0
4865,12,0,1,1.0,3,53,1301.9,3388.51,0
3654,1,1,0,1.0,3,3,168.6,203.01,0
6468,24,0,1,0.0,4,72,6362.35,9681.55,0
6094,24,0,0,1.0,3,54,1149.65,2623.85,0
3273,1,0,1,1.0,5,36,3301.05,3690.81,0
2007,1,0,0,1.0,3,1,70.1,116.27,1
3457,1,1,0,0.0,1,7,496.9,557.73,1
3605,1,0,0,1.0,2,1,31.35,111.35,1
3424,12,0,0,0.0,3,39,1630.4,1630.4,0
5897,1,0,1,0.0,3,23,1710.45,2372.85,1
3167,1,0,0,0.0,4,3,140.4,264.54,0
2024,12,0,0,1.0,3,13,244.8,675.49,0
4989,1,0,1,0.0,3,7,564.65,740.84,0
4103,1,0,1,1.0,1,17,1607.2,2045.63,1
4095,1,0,0,0.0,1,1,25.7,25.7,1
2717,24,0,0,0.0,3,17,343.45,785.04,0
5586,12,0,0,1.0,5,18,401.85,1098.99,0
4580,1,0,0,0.0,4,4,93.45,210.01,0
4583,1,1,1,1.0,4,70,7554.05,10373.65,0
4093,1,0,0,0.0,4,22,2157.3,3180.3,0
5447,1,1,0,0.0,3,35,3756.45,4785.13,0
2269,12,0,0,0.0,4,27,583.3,1149.22,0
3636,1,1,0,0.0,4,19,382.2,1273.49,0
2827,1,0,0,0.0,1,16,1483.25,1950.29,1
5176,1,0,0,0.0,5,16,1212.85,1821.17,0
5224,24,0,0,1.0,5,71,4145.9,4145.9,0
3565,1,0,0,1.0,5,7,278.4,488.68,0
4667,24,1,1,0.0,3,69,6194.1,8012.25,0
2650,1,0,1,0.0,4,3,257.6,300.65,0
3916,1,1,0,0.0,3,2,135.75,193.81,0
5308,24,0,0,1.0,3,68,5646.6,6747.08,0
3476,1,1,0,0.0,3,34,2909.95,3102.05,0
5271,12,0,1,0.0,1,53,3229.65,4478.16,1
4705,12,0,0,0.0,3,26,1908.35,3198.21,0
2734,1,0,0,1.0,1,3,79.45,79.45,1
2616,1,1,1,1.0,5,4,84.2,240.08,0
5720,1,0,1,0.0,1,65,6985.65,9204.75,1
4626,1,1,0,1.0,1,22,1422.05,2447.61,1
2507,1,0,0,0.0,5,1,20.3,24.39,0
2654,24,1,0,0.0,4,19,467.5,1154.54,0
3477,1,0,0,0.0,4,2,119.5,144.68,0
5086,1,0,0,1.0,3,1,90.85,91.98,1
4722,1,0,1,0.0,1,16,1043.35,1802.55,1
4703,24,1,1,0.0,3,72,5430.65,7003.13,0
4463,24,1,1,1.0,3,72,5165.7,5658.9,0
4283,24,0,0,0.0,4,49,2409.9,2409.9,0
2165,1,0,0,0.0,4,8,624.6,943.96,0
5409,24,0,1,0.0,5,71,1732.95,2315.86,0
4120,12,0,1,1.0,4,46,4312.5,4778.48,0
5880,1,1,0,0.0,3,3,90.05,90.05,0
2061,1,1,0,0.0,1,22,880.2,880.2,1
3078,1,0,0,0.0,4,37,697.65,732.13,0
4446,12,0,0,1.0,4,35,3251.3,4987.65,0
5877,1,0,1,0.0,3,18,913.3,1603.06,0
4271,1,1,1,1.0,4,62,6487.2,7551.7,0
2687,1,0,0,0.0,3,31,658.95,1591.12,1
3202,1,1,0,0.0,3,17,846.8,1622.17,0
5755,1,0,0,0.0,4,3,214.4,369.31,0
3040,24,1,1,0.0,3,36,930.95,2183.39,0
2142,1,0,1,1.0,5,8,548.9,559.14,0
6059,24,1,1,1.0,3,70,1715.15,2447.35,0
4495,24,0,1,1.0,2,67,7752.3,10022.26,1
4909,1,0,0,1.0,1,4,86.6,86.6,1
5148,1,0,1,1.0,2,14,1259.0,1449.96,1
3981,1,0,1,0.0,4,32,3145.9,4678.38,0
5566,1,0,0,0.0,3,1,19.4,22.25,0
3926,1,0,0,1.0,3,10,208.25,411.15,0
2444,1,0,1,1.0,5,22,1600.25,2317.95,0
5115,24,0,1,1.0,4,70,5264.25,7710.15,0
6378,24,1,1,1.0,4,72,7732.65,10052.49,0
4140,24,0,0,0.0,3,4,261.65,382.09,0
4131,12,0,0,1.0,3,28,1654.7,1971.66,0
6019,24,1,1,1.0,4,66,1673.8,3245.26,0
2451,1,0,0,1.0,3,1,44.9,60.66,0
4415,1,1,1,1.0,1,3,229.55,264.61,1
2299,24,1,1,0.0,4,10,253.5,617.2,0
3977,12,0,0,0.0,4,15,294.95,509.0,0
5041,24,0,0,1.0,4,72,3139.8,3139.8,0
5730,24,1,0,0.0,4,72,1529.65,3828.61,0
2667,12,0,1,1.0,3,48,3629.2,5777.68,0
2632,1,0,0,1.0,2,1,44.9,86.68,1
4780,1,1,0,0.0,4,29,2621.75,3596.73,0
5530,1,0,1,0.0,3,65,5940.85,8329.6,1
4525,1,0,1,0.0,5,10,777.3,1175.8,0
5213,24,0,1,0.0,3,64,7334.05,10169.89,0
6084,24,1,1,0.0,4,50,3822.45,5467.45,0
5220,12,0,0,0.0,1,36,2498.4,3452.76,1
6107,1,0,0,0.0,3,52,3043.7,3530.94,0
3047,24,1,0,0.0,3,30,711.9,1911.9,0
4801,1,0,0,1.0,4,1,20.55,27.87,0
3818,12,0,0,0.0,3,38,2354.8,4110.78,1
3752,12,0,0,0.0,3,39,1309.15,1309.15,0
4296,24,0,1,1.0,3,71,8477.6,9748.5,0
3458,1,0,0,0.0,1,1,78.05,117.46,1
4722,24,0,0,0.0,4,72,1414.8,4708.8,0
3271,1,0,1,1.0,5,39,2730.85,3069.76,0
5747,1,0,0,1.0,1,1,20.1,36.91,1
3948,24,0,1,1.0,3,48,1183.05,2662.41,0
4053,12,0,0,0.0,3,64,6430.9,6671.54,0
5346,1,0,0,1.0,5,6,112.75,159.07,0
5979,24,1,0,1.0,3,66,3996.8,4550.54,0
2578,24,0,0,0.0,3,10,525.5,525.5,0
5203,1,0,1,1.0,1,14,1101.85,1330.89,1
4419,1,1,0,1.0,2,7,503.6,681.2,1
5364,12,0,1,1.0,3,61,6521.9,9108.3,0
5335,24,1,1,1.0,3,72,1709.1,3189.42,0
4974,24,1,0,1.0,5,72,1493.75,1904.15,0
5494,1,1,0,0.0,5,1,74.6,117.59,0
2786,1,1,1,1.0,1,7,655.5,772.54,1
4848,12,1,1,1.0,3,32,3217.65,4792.37,0
4454,24,0,1,0.0,3,66,6424.25,8836.55,0
5056,1,0,1,1.0,4,56,5893.95,7281.07,0
4626,24,0,0,1.0,5,72,1521.2,3208.16,0
3110,1,0,0,0.0,1,38,2250.65,3242.45,1
2871,1,1,1,1.0,3,14,944.65,986.09,0
5039,24,0,1,1.0,3,2,186.05,229.85,0
3167,1,0,0,0.0,4,1,20.15,47.74,0
4852,1,0,0,1.0,2,3,247.25,386.33,1
5001,24,1,1,1.0,3,68,6185.8,9443.68,0
2583,1,0,1,0.0,4,42,3313.4,3687.25,0
5641,24,0,1,0.0,4,72,6227.5,8470.3,0
5591,24,0,1,1.0,1,70,4759.75,7746.65,1
5884,1,0,1,1.0,1,53,5549.4,5970.22,1
5056,1,0,0,1.0,2,5,512.45,673.05,1
3334,1,0,1,0.0,4,4,253.0,257.4,0
3940,1,0,0,0.0,1,1,75.8,90.28,1
5146,12,0,0,0.0,5,22,1441.8,1480.08,0
5601,24,0,0,1.0,4,68,5515.8,8776.4,0
2236,24,0,0,1.0,3,34,679.0,829.28,0
5237,12,1,0,1.0,3,23,1119.35,1713.9,0
5436,24,1,1,0.0,3,68,6161.9,9160.58,0
4606,12,0,1,0.0,4,56,5515.45,7888.17,0
3715,1,0,1,0.0,3,19,1471.75,1790.57,1
5667,24,0,0,0.0,5,60,4946.7,5786.7,0
5234,24,0,0,1.0,5,72,1363.25,4927.25,0
5998,24,1,1,0.0,4,35,821.6,1481.7,0
2454,1,0,0,0.0,4,40,2058.5,2993.47,0
2928,1,0,0,1.0,3,2,153.05,228.57,1
2761,12,0,0,0.0,2,45,2319.8,4211.6,1
4652,24,1,0,1.0,4,66,3364.55,3474.55,0
4403,1,0,1,1.0,1,31,1994.3,3079.64,1
4162,1,1,0,0.0,4,55,4238.45,4978.2,0
3473,1,0,1,1.0,2,1,95.65,127.98,1
2360,1,1,0,0.0,5,37,683.75,782.91,0
2270,1,0,0,1.0,5,6,298.7,298.7,0
4476,1,0,0,1.0,5,7,141.1,471.43,0
5581,12,0,1,1.0,4,68,5589.3,7922.38,0
6025,24,0,1,1.0,4,66,1697.7,4940.28,0
4701,1,1,1,1.0,3,42,3058.3,3758.44,0
6338,24,0,0,0.0,3,53,1049.6,2046.53,0
3859,1,0,1,1.0,4,41,3090.65,4464.93,0
5443,1,0,1,0.0,3,1,73.65,113.53,1
3357,1,0,1,0.0,1,1,50.55,73.11,1
4145,24,0,1,0.0,5,50,3418.2,4764.47,0
4899,24,0,0,0.0,3,8,600.15,617.59,0
5460,24,0,0,0.0,3,70,3370.2,3370.2,0
5787,1,0,0,0.0,2,3,165.2,168.92,1
4220,1,0,1,0.0,4,6,401.3,567.44,0
4769,1,0,1,0.0,3,51,4242.35,4528.97,1
2200,1,1,0,0.0,3,24,1319.85,1976.73,0
5551,24,0,1,0.0,3,72,7544.0,9125.12,0
4925,1,0,0,1.0,3,4,67.55,140.67,0
4614,12,0,0,1.0,3,10,1064.95,1528.25,0
3365,1,0,0,0.0,1,1,69.5,77.81,1
4579,1,1,1,1.0,3,21,1747.2,2028.39,0
4116,1,1,0,0.0,4,53,2495.2,2495.2,0
4845,12,0,1,1.0,4,61,5251.75,8097.4,0
2863,1,0,0,1.0,2,5,210.75,171.48,1
5972,12,0,0,1.0,5,67,1327.4,1857.37,0
4322,1,0,0,1.0,3,2,195.05,258.87,1
6494,12,1,1,0.0,3,56,3815.4,4334.76,0
3607,12,1,0,0.0,4,24,1454.25,1509.69,0
2028,12,0,1,0.0,5,8,203.95,389.39,0
3766,1,0,0,1.0,1,3,93.7,93.7,1
4879,24,0,1,1.0,3,67,1784.9,2571.48,0
4094,1,0,0,0.0,1,1,45.05,93.08,1
5799,1,0,0,0.0,1,2,145.4,162.4,1
5656,24,1,1,1.0,3,72,5025.85,7833.13,0
3753,1,0,0,0.0,5,1,19.5,27.52,0
6072,12,0,0,0.0,4,70,1341.5,2041.5,0
4756,1,0,1,1.0,4,17,1579.7,1736.44,0
2718,1,0,0,0.0,2,5,477.7,706.3,1
5893,12,0,0,0.0,5,48,4692.95,6979.67,0
3629,24,1,1,1.0,4,47,1160.45,1897.41,0
2215,12,1,0,1.0,5,30,1985.15,3087.35,0
4826,1,0,1,0.0,4,67,3725.5,6970.31,0
5251,1,0,0,1.0,3,2,194.55,247.71,0
4834,1,0,1,1.0,5,9,663.55,1045.24,0
4146,24,0,0,1.0,3,68,4539.6,4669.6,0
4738,24,0,1,0.0,1,57,6465.0,9250.02,1
4464,1,0,1,0.0,2,27,2724.6,3024.03,1
5432,1,1,0,0.0,4,34,3688.6,4918.56,0
4800,12,0,1,1.0,3,13,989.45,1525.31,1
2426,1,0,1,0.0,3,32,2766.4,3066.93,0
2578,1,0,1,1.0,3,1,93.3,101.29,1
5379,1,0,0,0.0,3,26,1815.65,2790.91,0
6136,24,0,0,1.0,5,68,1396.0,2108.64,0
6114,24,0,1,0.0,3,72,6058.95,7164.15,0
3445,12,0,0,0.0,3,34,2053.05,3555.7,0
5775,1,0,1,0.0,3,71,7713.55,10025.44,0
2165,24,0,0,1.0,5,39,790.0,2209.21,0
2755,1,0,0,0.0,2,3,188.7,331.74,1
5527,1,0,1,0.0,3,35,3180.5,4137.15,0
4561,1,0,0,0.0,5,29,2607.6,2687.05,0
4248,1,0,0,0.0,2,1,19.9,69.41,1
5622,1,0,0,1.0,1,1,81.95,126.89,1
6101,12,1,0,1.0,4,71,7288.4,8292.34,0
5974,24,1,0,1.0,4,51,1086.75,2563.71,0
4176,12,0,1,0.0,3,41,3263.9,3516.46,0
4846,1,1,0,0.0,1,5,221.7,341.15,1
4226,12,0,1,0.0,5,29,2080.1,3280.12,0
3302,12,0,0,0.0,4,30,625.05,1362.15,0
6212,24,0,1,1.0,4,72,6254.45,6690.05,0
4196,1,1,1,0.0,5,26,1265.65,1840.49,0
4556,24,0,1,0.0,4,43,3645.6,4024.43,0
3235,1,1,0,0.0,3,20,939.8,1203.4,0
4844,12,0,1,0.0,3,36,3348.1,4957.3,0
5029,12,0,1,0.0,4,47,4889.3,5671.38,0
5554,1,0,1,0.0,3,1,74.5,110.94,1
6006,1,0,1,1.0,1,49,2934.3,4691.93,1
4680,24,0,1,0.0,3,72,7550.3,9602.3,0
3366,1,0,0,0.0,4,15,320.45,361.55,0
4964,24,0,0,1.0,3,71,7168.25,8038.71,0
3493,1,0,1,0.0,1,13,1301.7,1615.52,1
4830,1,0,0,1.0,3,36,2854.95,4425.31,0
3643,12,0,0,0.0,4,9,164.6,200.78,0
3997,1,0,1,0.0,2,44,3862.55,5630.03,1
4629,1,0,0,0.0,3,1,19.2,55.08,0
5722,1,0,1,1.0,4,31,2929.75,3624.77,0
5265,24,0,0,1.0,4,72,4528.0,4528.0,0
5575,1,0,0,0.0,5,17,836.35,836.35,0
2044,24,0,1,1.0,3,29,1718.95,1943.37,0
4115,1,0,1,1.0,1,20,1761.45,1872.25,1
2935,12,0,0,1.0,3,45,2796.45,3174.45,0
5153,12,0,0,1.0,3,60,4456.35,7390.35,0
2896,24,0,0,0.0,5,27,561.15,964.15,0
4117,24,0,0,0.0,3,24,487.05,1627.29,0
3535,1,0,0,1.0,1,12,233.55,467.31,1
2813,1,0,0,0.0,3,3,293.15,344.18,0
5264,24,1,1,1.0,3,45,3371.0,4527.05,0
5476,1,0,0,0.0,1,5,308.25,326.3,1
3392,1,0,1,0.0,2,16,1587.55,1830.11,1
5387,1,0,0,1.0,3,42,2455.05,3805.77,0
5811,1,1,0,0.0,5,1,20.05,36.07,0
3698,1,0,1,1.0,2,30,2624.25,2768.85,1
4573,1,1,0,0.0,3,5,86.05,126.25,0
2087,1,0,0,0.0,2,6,270.95,527.91,1
2358,1,0,0,1.0,3,43,3551.65,3879.74,0
4241,24,0,1,1.0,4,71,6951.15,9387.38,0
3043,1,0,0,0.0,1,12,654.85,750.49,1
4156,12,1,1,0.0,4,68,5163.0,6533.2,0
3942,12,1,0,1.0,3,35,746.75,2182.45,0
2545,1,0,1,1.0,1,8,762.1,1126.82,1
3270,1,0,0,0.0,4,1,95.85,98.55,0
5679,12,0,1,0.0,3,55,5509.3,7665.2,1
2699,1,0,0,1.0,2,2,98.5,111.44,1
3889,1,0,0,0.0,4,3,61.05,183.99,0
4931,1,0,0,1.0,2,1,85.45,108.42,1
4969,1,0,1,1.0,3,8,743.75,822.79,0
4105,1,0,1,0.0,2,60,6396.45,7038.45,1
4668,1,1,0,1.0,5,7,472.65,682.15,0
5153,24,0,1,0.0,4,72,6827.5,8849.98,0
3967,24,0,0,0.0,3,35,705.45,1307.45,0
4275,24,1,1,1.0,4,72,1738.9,3109.78,0
2754,12,0,0,1.0,5,3,220.45,338.98,0
5084,12,1,0,0.0,3,7,136.75,480.87,0
3955,1,0,0,0.0,3,25,1992.95,2534.7,0
5809,1,0,0,1.0,5,1,19.75,21.36,0
6411,1,1,1,1.0,4,55,4713.4,7017.35,0
5973,1,1,0,0.0,3,5,167.2,167.2,0
5342,1,0,1,0.0,3,14,1096.25,1587.23,1
5865,24,1,1,0.0,5,24,609.05,785.93,0
4192,12,0,0,1.0,4,45,3597.5,4020.17,0
3430,1,0,0,0.0,5,2,139.25,228.79,0
4031,24,0,0,1.0,4,70,4144.8,4121.08,0
4367,24,0,1,1.0,5,71,1901.0,3476.49,0
2568,1,0,1,0.0,3,29,2440.25,3735.75,0
4329,24,0,1,1.0,3,71,1756.2,3937.32,0
5793,12,1,0,1.0,3,47,4391.45,5124.18,0
5518,1,0,1,0.0,3,1,75.45,87.03,1
5047,1,0,0,1.0,1,12,1095.65,1305.17,1
6216,1,0,0,0.0,1,52,4348.65,6343.89,1
5594,1,0,1,1.0,3,10,270.15,440.25,0
3707,12,1,0,0.0,3,15,1667.25,1819.05,0
5687,1,0,0,0.0,3,59,3735.45,4726.65,0
5136,24,0,1,1.0,4,72,6719.9,7698.38,0
5731,24,0,1,1.0,5,53,5682.25,6367.01,0
2004,1,1,0,1.0,5,11,1020.2,1443.48,0
5356,24,0,0,0.0,3,67,3953.7,5412.09,0
4467,12,0,1,0.0,5,70,1856.4,4049.5,0
5682,12,0,0,0.0,4,25,495.15,1122.15,0
4851,1,0,0,1.0,1,1,24.8,24.8,1
5952,24,1,1,0.0,3,71,6152.4,8542.97,0
3612,1,0,1,0.0,5,19,465.85,689.54,0
4011,24,0,1,0.0,3,56,4054.2,6125.84,0
5045,24,1,1,0.0,5,68,5746.75,7442.67,0
5414,1,0,1,0.0,5,9,542.4,610.28,0
3215,1,0,0,1.0,3,12,442.45,442.45,0
2394,1,0,1,0.0,2,1,74.45,115.72,1
5536,12,0,1,1.0,3,61,7365.7,9731.28,0
4335,24,0,0,1.0,4,58,1131.5,2828.0,0
5085,24,0,1,1.0,3,52,3103.25,4852.09,0
6423,12,0,1,1.0,5,72,7578.05,9578.93,0
4903,1,1,1,1.0,4,53,3827.9,5288.58,0
2750,24,1,0,0.0,3,7,305.55,305.55,0
3149,1,1,1,0.0,4,32,3089.6,3858.88,0
5835,24,1,1,1.0,5,71,6342.7,9160.17,0
4831,1,0,0,1.0,5,1,25.25,35.25,0
5232,24,0,1,0.0,5,54,4931.8,5935.12,0
5897,24,1,1,0.0,4,72,1784.5,5161.94,0
5989,1,1,0,0.0,4,53,5935.1,8234.77,0
4644,12,0,1,0.0,4,71,8309.55,8514.03,0
4982,24,0,0,0.0,3,41,802.35,2279.56,0
5296,24,0,1,0.0,3,11,662.95,1314.58,0
4261,12,0,0,1.0,4,35,700.45,1942.95,0
5448,12,0,1,1.0,4,71,7181.25,7458.86,0
5521,12,0,0,1.0,4,57,3035.8,4656.88,0
3704,1,0,0,1.0,5,1,48.6,56.59,0
4444,24,0,0,0.0,5,4,280.35,273.72,0
5838,1,0,1,0.0,1,6,438.0,565.38,1
6238,12,1,1,1.0,4,61,3965.05,6362.96,0
3244,1,0,0,0.0,1,1,75.3,79.43,1
4843,1,0,1,0.0,1,1,86.05,124.83,1
4534,12,1,0,0.0,4,45,2264.5,2264.5,0
2860,1,0,1,1.0,1,11,740.8,913.39,1
4753,1,0,1,0.0,1,53,4517.25,5388.04,1
3207,1,0,1,0.0,3,3,210.3,316.92,1
4444,1,1,1,0.0,4,32,2901.8,4453.48,0
5133,12,1,1,0.0,4,64,6721.6,7614.4,0
5997,12,0,0,0.0,5,63,1328.15,3539.58,0
2113,1,0,1,0.0,3,21,1992.55,2514.61,0
3383,1,1,0,0.0,3,1,19.2,37.09,0
5792,12,0,0,1.0,3,67,4119.4,6920.9,0
5785,24,0,1,0.0,2,49,5293.2,5609.25,1
5957,12,0,1,0.0,1,68,6581.9,6716.54,1
3344,12,0,1,1.0,1,47,5275.8,6164.81,1
5420,24,0,1,1.0,3,67,5229.45,5320.57,0
2189,1,0,0,0.0,1,2,142.35,167.39,1
4957,24,0,0,0.0,3,71,3778.2,7208.92,0
4755,24,1,1,0.0,4,72,1709.15,5186.03,0
4291,24,0,0,0.0,3,55,4805.3,6631.85,0
3764,12,1,0,0.0,4,42,2763.35,4651.25,0
5597,24,0,1,1.0,4,31,2807.65,4203.93,0
3080,1,0,0,1.0,4,25,1729.35,2832.1,0
4574,24,1,0,0.0,5,62,1296.15,1445.57,0
2478,12,0,1,0.0,4,48,3435.6,4253.04,0
5634,1,0,0,0.0,4,3,57.2,66.56,0
2692,1,0,0,1.0,5,25,461.3,1218.3,0
3718,1,1,1,1.0,5,40,3015.75,3570.15,0
3007,12,0,0,1.0,3,46,1537.85,1537.85,0
2715,1,0,1,0.0,2,3,334.65,458.55,1
3273,1,0,0,0.0,3,25,2395.7,3220.95,0
6091,24,0,1,0.0,3,72,6468.6,9538.68,0
3160,1,1,1,0.0,3,27,2793.55,3173.44,0
4200,12,1,0,0.0,5,49,3824.2,4268.63,0
5203,1,0,1,1.0,2,2,149.55,237.47,1
5100,1,0,1,0.0,1,2,193.6,272.84,1
5616,12,0,0,0.0,3,30,2308.6,2485.2,0
3555,12,1,1,0.0,5,33,2531.4,3593.87,0
2032,1,0,0,0.0,5,3,232.35,312.93,0
4893,12,0,1,0.0,1,54,5763.3,6240.12,1
4030,1,0,1,1.0,5,18,1395.05,1668.29,0
5721,1,0,1,0.0,3,6,474.9,647.16,1
2076,1,0,0,1.0,1,16,1178.25,1596.17,1
5242,1,0,0,0.0,2,9,751.65,1141.71,1
2539,24,0,0,0.0,3,31,1520.1,1520.1,0
3163,1,1,0,0.0,4,32,1051.05,1051.05,0
4336,12,0,0,1.0,5,16,326.65,990.81,0
6050,12,1,0,0.0,4,53,1068.15,2151.47,0
3964,1,1,0,1.0,2,1,70.45,85.73,1
3051,12,0,0,1.0,2,44,2375.4,2375.4,1
3319,1,0,0,0.0,3,5,383.65,547.7,0
6100,12,0,1,1.0,3,50,5232.9,6272.4,0
4628,12,0,1,1.0,4,52,4354.45,6504.13,0
5955,1,0,0,1.0,3,1,44.1,48.51,1
5168,1,0,1,0.0,3,26,2015.8,2993.4,0
4870,12,0,0,0.0,4,21,1258.35,1413.96,0
3844,12,0,0,0.0,4,42,2049.05,2049.05,0
6395,24,0,0,0.0,3,67,3521.7,3521.7,0
5722,1,0,0,1.0,3,22,1178.75,2055.01,0
4353,12,1,1,0.0,3,60,5774.55,6955.35,0
4829,1,1,0,0.0,3,46,1620.25,1620.25,0
5756,1,1,1,0.0,3,46,3958.85,4146.53,0
6063,24,1,1,0.0,3,72,4760.3,6388.94,0
4131,1,0,0,0.0,3,1,45.15,87.49,0
5689,12,0,0,1.0,3,24,533.9,1393.1,0
4810,1,1,0,1.0,4,49,1838.15,1838.15,0
6161,12,0,1,0.0,3,56,5914.4,7760.48,0
2723,1,0,1,0.0,3,15,378.6,498.0,0
5831,1,0,1,0.0,4,42,2421.75,3555.75,0
2360,1,1,0,0.0,3,12,232.4,528.2,0
5590,1,0,1,0.0,4,41,2237.55,2508.15,0
5038,24,1,0,0.0,5,41,4507.15,5760.93,0
6444,24,1,0,1.0,5,62,1263.9,2563.42,0
6280,24,0,1,1.0,3,70,5289.8,6568.0,0
5891,1,0,1,0.0,5,34,3527.3,4668.0,0
3676,1,0,0,1.0,1,8,742.95,784.63,1
6322,24,0,1,1.0,4,67,5714.2,6296.46,0
2873,1,0,0,1.0,3,12,617.15,617.15,0
3412,24,1,1,1.0,3,24,1857.75,1955.19,0
3575,12,0,0,0.0,3,42,849.9,2476.98,0
4558,24,1,1,0.0,3,72,8093.15,10430.99,0
2577,1,0,0,0.0,5,1,19.15,41.52,0
5347,1,0,0,1.0,2,13,1135.7,1286.29,1
2327,24,1,0,0.0,4,23,857.75,857.75,0
5895,12,1,1,1.0,4,67,7244.7,8500.28,0
2445,1,0,1,1.0,3,9,754.65,932.54,1
3358,1,0,1,1.0,3,46,2459.8,4517.84,0
4444,24,1,1,1.0,3,71,6457.15,8681.58,0
5483,24,0,1,0.0,3,72,6094.25,6963.69,0
2136,12,0,0,1.0,3,8,551.95,714.57,0
5795,24,0,0,0.0,3,56,2560.1,2560.1,0
5880,24,0,1,0.0,3,70,5460.2,8526.9,0
5848,24,0,0,1.0,5,60,1198.8,3076.2,0
4954,1,0,0,0.0,1,1,45.3,45.3,1
2467,1,0,1,0.0,1,4,360.1,386.82,1
5472,24,1,1,0.0,4,31,755.6,973.53,0
2422,1,0,0,1.0,4,33,1462.6,3062.77,0
4791,24,0,0,1.0,5,46,937.1,2444.98,0
5887,12,0,1,1.0,5,64,1601.2,2620.72,0
2831,24,0,0,0.0,4,19,373.5,736.4,0
4295,24,0,1,0.0,3,65,7246.15,10121.1,0
3222,1,1,1,1.0,4,20,1826.7,2667.9,0
3185,1,0,0,1.0,5,14,765.45,1454.53,0
2406,1,0,1,0.0,2,12,1253.9,1556.18,1
5396,24,1,0,0.0,4,52,2554.0,2526.99,0
5824,24,1,1,0.0,3,70,6237.05,6412.05,0
4854,12,1,0,0.0,4,53,3297.0,4992.47,0
4882,12,1,0,0.0,5,43,817.95,2331.55,0
4057,1,0,0,1.0,5,2,85.1,123.28,0
2837,1,0,1,0.0,1,40,4086.3,4200.3,1
4958,1,0,0,1.0,3,20,415.4,1035.8,0
5092,1,0,0,1.0,4,1,47.95,94.18,0
4750,12,1,1,1.0,5,72,7459.0,8848.28,0
4402,1,0,0,0.0,5,4,93.4,183.56,0
3172,1,0,0,0.0,5,4,59.25,198.69,0
5113,24,0,1,0.0,4,64,4869.35,6595.11,0
4276,24,0,1,0.0,3,57,5625.55,5751.52,0
6438,24,0,1,0.0,4,63,4234.15,7416.97,0
4322,12,0,1,0.0,3,71,6585.2,9183.8,0
2939,24,1,1,1.0,4,24,1846.65,2360.97,0
4757,24,0,0,0.0,3,43,1500.25,1540.25,0
5157,1,1,0,1.0,4,63,4896.35,6125.79,0
5717,24,0,0,0.0,3,69,4055.5,4175.5,0
6024,24,0,1,1.0,4,70,5212.65,8521.55,0
2302,12,0,0,0.0,4,9,204.55,219.49,0
3599,1,0,0,1.0,1,2,114.7,157.26,1
4231,1,0,1,1.0,1,10,811.8,1104.2,1
2724,1,0,0,1.0,3,6,483.3,772.84,0
5171,1,1,0,0.0,1,1,30.5,30.5,1
4848,24,1,1,1.0,3,70,5743.3,6328.5,0
6189,12,0,1,1.0,1,54,5893.15,6010.87,1
4499,24,1,0,0.0,4,68,4953.25,7274.09,0
2525,24,0,0,0.0,4,24,828.2,828.2,0
6344,24,0,0,0.0,4,67,3097.2,3062.75,0
4778,12,0,1,1.0,3,56,5253.95,7512.43,0
2269,1,1,1,1.0,3,16,1398.25,1544.81,0
5096,24,1,1,1.0,3,72,6595.9,7717.66,0
5494,1,1,1,1.0,3,14,1164.05,1832.13,0
3766,1,0,0,1.0,4,21,629.35,629.35,0
6092,12,0,0,1.0,3,69,3804.4,4782.82,0
4366,1,0,0,1.0,3,9,576.95,867.74,0
5709,1,0,1,0.0,4,58,4526.85,5844.03,0
2038,1,0,0,1.0,2,1,78.95,102.91,1
5655,12,0,1,0.0,3,33,3694.7,4524.65,0
4138,12,0,0,0.0,4,51,2356.75,4204.45,0
3384,12,1,0,0.0,3,47,4018.05,6085.68,0
4400,24,0,1,0.0,3,66,5265.1,6697.3,1
5536,1,0,1,0.0,1,50,5341.8,6385.8,1
3899,24,1,0,0.0,3,20,825.4,825.4,0
5980,12,0,1,1.0,5,70,6838.6,7425.9,0
2719,12,1,1,0.0,4,45,4368.85,5934.1,0
5881,1,0,0,1.0,3,1,19.65,25.73,1
5527,12,0,0,1.0,5,12,1184.0,1772.0,0
6437,24,0,1,0.0,3,72,8071.05,11514.81,0
5497,1,0,0,0.0,1,16,1573.7,2190.16,1
2447,24,1,0,1.0,3,21,397.0,976.6,0
5128,24,0,1,0.0,3,56,5841.35,7352.67,0
2026,1,0,1,1.0,1,17,1454.15,1659.17,1
2600,24,0,0,0.0,5,7,165.35,231.36,0
5414,24,1,1,1.0,4,70,7882.5,9749.4,0
6302,24,0,0,0.0,4,71,3263.6,3263.6,0
3819,1,0,1,1.0,2,5,416.3,541.85,1
4917,1,0,0,1.0,3,2,120.25,155.65,0
3965,1,1,1,0.0,3,15,324.15,799.45,0
4634,24,1,1,1.0,3,24,587.4,614.76,0
4917,1,0,0,1.0,1,57,2111.45,2191.45,1
4785,1,0,0,0.0,3,8,156.25,247.05,1
6041,12,0,1,1.0,3,59,4786.1,4900.56,0
5475,24,1,1,0.0,4,72,8672.45,11634.53,0
3799,12,0,0,1.0,5,13,270.2,560.23,0
5974,12,0,0,1.0,4,62,4698.05,7074.51,0
2425,1,1,1,0.0,5,31,1825.5,2776.27,0
5742,12,0,1,0.0,5,65,6744.25,8488.2,0
5655,12,0,1,1.0,5,64,1642.75,1900.67,0
5216,24,0,0,0.0,4,59,1192.3,3975.33,0
3924,12,0,1,0.0,5,46,4408.45,5934.73,0
4854,1,1,0,1.0,4,8,475.1,487.58,0
4559,12,0,0,1.0,4,61,1336.35,2916.86,0
3585,1,1,1,1.0,4,23,1849.95,2652.88,0
4588,12,0,0,0.0,3,44,4510.8,6197.32,0
2847,1,0,1,0.0,3,21,1570.7,1639.16,0
5250,1,1,1,1.0,3,25,546.85,1035.85,0
2987,1,0,1,1.0,1,36,3021.6,4161.0,1
6306,24,0,0,0.0,3,59,3886.85,3886.85,0
6252,24,0,1,0.0,3,70,5498.2,5807.33,0
5429,1,0,1,0.0,3,1,74.4,121.76,1
4328,12,0,0,1.0,4,69,7251.9,8916.04,0
2194,1,0,1,1.0,2,3,289.1,368.06,1
5868,24,1,1,0.0,4,62,6019.35,9006.47,0
2070,1,0,0,0.0,3,13,956.65,1347.43,0
5056,1,1,0,1.0,4,2,125.95,190.07,0
4218,24,0,0,0.0,4,53,1048.45,2556.83,0
2250,1,0,0,1.0,3,1,50.75,96.52,0
3764,1,1,0,0.0,1,19,1934.45,2491.38,1
4602,1,1,1,1.0,4,15,1430.05,1883.35,0
4404,1,0,0,0.0,4,7,189.95,189.95,0
4761,12,0,1,1.0,3,58,6526.65,8727.75,0
5777,1,1,0,0.0,3,11,581.7,1134.94,0
5870,24,0,1,1.0,4,13,1261.0,1886.95,0
5447,24,1,0,0.0,3,37,2302.35,4213.19,0
2951,1,0,0,0.0,5,28,2244.95,3192.47,0
6148,12,1,0,0.0,4,67,3994.05,4431.56,0
3306,1,0,0,1.0,3,4,129.6,129.6,0
4512,1,0,0,0.0,4,26,1156.55,1156.55,0
4946,1,0,0,1.0,5,8,553.4,888.84,0
5313,24,0,0,0.0,3,66,3810.8,5412.62,0
3479,12,1,0,1.0,4,18,1087.45,1813.93,0
5834,1,0,0,0.0,2,6,519.15,761.79,1
2833,1,0,0,0.0,1,43,4600.7,5969.39,1
6280,1,0,0,0.0,2,53,2854.55,2834.39,1
2457,1,0,1,0.0,2,10,794.25,1211.75,1
2744,1,0,1,1.0,3,35,3527.6,3894.75,1
3913,12,1,0,0.0,5,17,1445.95,2276.59,0
5667,1,0,0,1.0,3,16,330.25,865.29,0
3097,1,0,0,1.0,3,12,612.1,1174.66,0
3594,24,1,0,0.0,5,24,494.05,1605.25,0
2185,12,0,0,1.0,5,17,307.0,324.31,0
3805,12,0,0,1.0,3,2,89.3,137.12,0
5479,12,1,0,1.0,5,35,2747.2,3243.85,0
4427,24,1,1,1.0,3,72,7609.75,10205.35,0
2813,1,0,1,1.0,3,15,1111.85,1754.3,1
5762,1,0,0,1.0,1,4,317.25,464.89,1
4878,24,1,0,0.0,4,50,1070.25,1576.75,0
5365,12,1,0,0.0,4,41,2894.55,3458.71,0
2183,1,0,0,1.0,4,1,20.35,50.21,0
2985,24,0,0,1.0,3,8,564.35,753.79,0
3684,1,0,0,0.0,2,5,331.9,330.77,1
5869,24,0,1,1.0,3,67,6989.7,10251.26,0
5294,24,0,1,0.0,4,72,7748.75,10003.07,0
5293,24,1,0,1.0,3,16,301.55,415.79,0
5545,1,0,1,0.0,2,42,4273.45,5062.63,1
5507,12,0,1,1.0,5,40,2921.75,3871.35,0
4846,24,0,0,1.0,3,71,5550.1,6842.3,0
5421,1,1,0,0.0,2,1,25.3,35.3,1
6339,1,0,0,0.0,3,52,4331.4,4709.24,0
4162,24,0,0,1.0,3,69,3952.65,3992.65,0
3734,1,0,1,1.0,4,11,990.3,1110.75,0
5057,1,1,1,0.0,5,62,4300.45,6565.93,0
5626,12,0,0,0.0,5,34,3343.15,4533.15,0
4167,1,1,0,1.0,4,15,272.95,515.85,0
4010,12,0,1,1.0,3,63,4786.15,7908.19,0
3795,12,0,0,1.0,3,27,2681.15,3221.69,0
4447,1,0,0,0.0,3,19,1637.3,2203.5,0
4746,24,1,1,1.0,4,59,1534.05,4033.88,0
4117,12,1,0,1.0,5,70,4113.15,4080.62,0
5156,1,1,0,0.0,3,13,764.55,1116.07,0
2855,12,0,0,0.0,4,33,1309.0,1309.0,0
5587,1,0,1,1.0,5,3,89.05,131.35,0
6315,24,1,0,0.0,4,69,7261.75,10221.85,0
3300,1,0,0,0.0,3,16,664.4,664.4,0
4895,1,0,0,0.0,3,9,704.3,770.95,0
3493,24,0,1,0.0,5,31,2845.15,4393.16,0
5928,1,0,1,0.0,3,46,2473.95,3042.86,0
5598,1,0,0,1.0,1,3,169.05,301.42,1
5679,24,0,0,1.0,3,70,5706.2,5781.1,0
6186,24,0,1,0.0,5,60,6333.8,8612.0,0
2839,1,0,0,1.0,5,41,775.6,1410.28,0
5433,1,0,0,0.0,5,16,294.9,691.54,0
2810,1,1,0,0.0,1,40,2139.2,2462.4,1
6144,24,0,1,1.0,3,72,8046.85,9143.41,0
4935,12,0,0,0.0,3,33,1758.9,3345.87,0
4858,1,0,0,0.0,4,7,458.1,795.22,0
5449,1,0,0,0.0,1,29,1970.5,2000.08,1
3638,1,0,0,0.0,2,1,55.2,90.8,1
6107,1,0,0,0.0,3,59,3005.8,3005.8,0
4832,1,0,0,0.0,1,1,20.15,53.73,1
3185,1,0,1,0.0,1,33,3409.6,3783.16,1
4068,12,0,1,0.0,3,71,7953.25,9881.61,0
4060,12,0,1,1.0,3,56,6418.9,7508.66,1
4771,12,0,0,0.0,5,36,2606.35,4221.67,0
4173,24,1,0,0.0,3,56,3346.8,4410.24,0
4390,12,0,0,0.0,3,20,393.15,952.35,0
6209,24,0,0,1.0,3,60,3638.25,5493.45,0
6298,1,0,1,0.0,4,61,6375.2,8062.46,0
3287,1,1,0,0.0,4,26,1147.0,1147.0,0
4023,24,1,1,1.0,4,65,5071.9,5190.85,0
5949,24,0,1,1.0,3,72,8594.4,9881.04,0
4986,12,0,0,1.0,5,64,6603.8,7240.6,0
4754,24,1,1,0.0,4,72,8058.85,11416.21,0
3172,1,1,0,0.0,5,4,62.9,222.46,0
5094,1,0,0,0.0,1,4,237.95,290.03,1
5106,1,0,1,1.0,4,57,5497.05,6191.88,0
4459,1,1,1,1.0,4,22,1949.4,2599.28,0
4800,1,0,1,0.0,3,33,3645.5,5285.27,0
5324,1,1,0,1.0,3,32,2404.15,3441.91,0
4332,12,0,0,0.0,3,40,4116.8,4694.91,0
5444,1,0,1,0.0,3,20,1842.8,2851.6,1
5517,1,1,0,0.0,3,29,1834.15,1875.04,0
3634,1,0,0,0.0,2,11,926.25,1420.59,1
3050,1,0,0,1.0,5,16,1461.15,1629.15,0
4011,1,0,1,0.0,5,54,5295.7,7413.62,0
2010,12,1,0,1.0,4,25,520.1,846.6,0
5453,12,0,1,0.0,5,46,4753.85,5741.01,0
5335,1,0,1,0.0,3,8,778.1,1015.38,1
6193,24,0,1,1.0,3,62,6891.4,9537.56,0
2269,12,0,0,1.0,5,26,504.2,1271.59,0
4016,1,0,1,0.0,1,24,2407.3,3311.86,1
6468,12,0,1,0.0,4,62,5731.45,7241.15,0
3884,1,0,0,0.0,1,1,25.8,45.8,1
4703,12,0,1,1.0,3,64,4392.5,6789.94,0
4277,1,1,0,1.0,2,1,20.15,23.24,1
2125,12,1,1,0.0,5,38,2862.55,3382.01,0
5774,12,0,1,1.0,3,65,6069.25,6276.05,0
5647,1,0,0,0.0,2,33,2171.15,3122.87,1
5028,24,0,1,0.0,4,39,3413.25,4195.59,0
5062,24,0,0,1.0,3,41,875.55,1221.59,0
4990,1,0,0,0.0,3,9,661.55,851.54,0
5020,24,1,0,1.0,3,59,5186.0,7835.83,0
5202,1,0,0,1.0,2,3,262.05,410.25,1
2308,12,1,0,1.0,4,37,1525.35,1525.35,0
4133,24,0,0,0.0,4,57,3265.95,3415.95,0
4969,1,0,1,0.0,3,7,527.9,557.88,1
5104,24,1,0,1.0,4,12,258.35,314.87,0
5331,12,0,1,0.0,3,44,1013.6,2431.28,0
4380,12,1,1,0.0,3,68,5696.6,7714.16,0
2784,24,1,0,1.0,3,29,558.8,1557.56,0
4121,24,1,1,0.0,3,68,7039.45,8133.57,0
2181,1,0,0,0.0,2,6,463.05,511.45,1
6275,24,0,1,0.0,3,72,6083.1,7276.86,0
4172,12,1,0,0.0,3,52,3482.85,3752.51,0
5383,1,0,0,1.0,3,5,492.55,596.85,1
2031,12,0,1,1.0,4,22,1783.6,2217.44,0
3413,24,1,1,1.0,3,47,4318.35,4870.13,0
3529,1,0,0,0.0,2,2,181.65,255.27,1
6284,24,0,0,1.0,3,72,5336.35,6418.51,0
2313,1,0,1,0.0,1,9,919.4,1015.34,1
5763,1,0,1,0.0,1,54,5440.9,7699.72,1
4126,12,0,1,0.0,3,67,7142.5,9719.99,0
5596,12,0,1,0.0,3,70,7069.3,8460.9,0
4146,12,0,1,1.0,3,67,7482.1,9441.18,1
2807,1,0,0,0.0,4,36,3565.65,4242.43,0
2062,1,0,1,0.0,5,9,684.85,997.6,0
3365,12,0,1,1.0,2,48,4029.95,5179.55,1
5375,12,0,0,0.0,2,49,2541.25,2591.25,1
5668,1,0,1,1.0,2,4,305.55,425.47,1
4370,24,1,0,0.0,5,63,1215.1,2747.26,0
4715,1,0,0,1.0,4,30,1474.9,2169.7,0
2613,1,1,1,0.0,4,30,1588.7,1963.4,0
5099,1,1,0,0.0,3,34,716.4,1044.84,0
4039,12,0,0,1.0,3,63,5817.0,8358.42,0
5680,1,0,1,0.0,3,56,5794.45,7921.89,0
3358,1,1,0,0.0,5,1,20.75,28.32,0
3677,1,0,0,0.0,2,14,1180.95,1601.15,1
2989,1,0,1,0.0,3,23,1249.25,2367.74,0
4590,1,1,0,1.0,5,64,6171.2,7605.44,0
2040,12,0,1,0.0,3,43,3953.15,4150.52,0
3108,1,0,0,0.0,4,3,82.15,82.15,0
3492,1,0,1,0.0,1,40,4131.95,5555.15,1
2056,24,0,0,0.0,4,14,672.7,672.7,0
4192,24,0,0,1.0,3,60,1093.0,3917.2,0
6405,12,0,1,1.0,2,54,5373.1,7181.56,1
4085,24,0,0,0.0,3,72,4390.25,4390.25,0
4772,24,1,1,0.0,3,64,1548.65,3922.41,0
5393,1,0,0,1.0,4,30,2438.6,3310.5,0
4564,1,0,0,1.0,1,27,1032.0,1062.0,1
5183,1,0,1,0.0,4,16,1248.9,1795.78,0
2937,1,0,1,1.0,2,1,62.05,119.88,1
2018,1,0,1,1.0,2,24,1712.7,2453.58,1
5745,1,0,1,0.0,2,9,732.5,1009.7,1
4276,12,0,0,1.0,4,33,1955.4,2245.47,0
3463,12,0,0,0.0,4,7,264.8,264.8,0
2125,12,0,1,0.0,3,35,3836.3,5098.5,0
5569,12,0,1,1.0,3,66,6976.75,7804.33,0
3313,1,0,0,0.0,5,1,19.1,24.12,0
6072,12,1,0,0.0,4,67,5598.3,5830.79,0
4404,24,0,0,0.0,5,20,406.95,724.35,0
3122,1,0,0,0.0,4,3,122.7,169.47,0
5052,12,1,1,0.0,4,53,3942.45,5631.03,0
3156,1,0,0,0.0,1,10,740.0,1012.8,1
6442,12,0,1,0.0,5,60,6029.0,7689.8,0
4309,24,0,0,0.0,4,64,1198.05,1517.41,0
4740,24,0,0,0.0,4,10,560.5,560.5,0
3438,1,0,0,1.0,1,1,69.6,104.11,1
4535,24,1,1,1.0,3,62,1638.7,1814.16,0
4328,24,1,0,0.0,4,20,400.0,477.4,0
3660,24,0,0,0.0,4,7,419.35,496.42,0
3305,1,0,0,0.0,1,5,415.55,572.3,1
5584,1,0,0,0.0,5,15,736.8,1212.0,0
5898,24,1,1,0.0,5,54,3246.45,4489.53,0
5075,1,0,0,1.0,3,1,78.8,106.84,1
5615,1,0,0,0.0,2,22,1914.9,2746.5,1
5527,1,0,1,0.0,1,54,6014.85,8588.81,1
5866,24,0,0,1.0,4,70,7511.9,8525.5,0
5758,1,1,0,0.0,2,4,235.1,405.94,1
4263,1,0,0,0.0,1,2,139.4,158.98,1
2876,12,1,0,1.0,3,10,411.45,423.49,0
2754,1,0,1,0.0,3,4,372.45,423.89,1
6203,24,0,0,1.0,3,56,4513.65,4751.09,0
5019,12,1,1,1.0,5,44,4295.35,5422.59,0
5554,1,0,0,1.0,1,37,2345.2,2466.19,1
3878,1,0,1,1.0,2,25,2291.2,3482.7,1
3475,1,0,0,0.0,2,2,91.1,179.08,1
5247,1,0,1,1.0,1,57,5746.15,8145.85,1
2870,12,0,0,1.0,3,16,360.35,1065.15,0
4254,12,0,0,0.0,3,69,7262.0,7435.88,1
4775,12,0,1,1.0,3,56,3512.15,5736.47,0
3074,1,0,1,0.0,3,10,953.45,1386.05,1
5958,12,0,0,0.0,3,28,2598.95,3111.63,1
4376,12,1,0,0.0,4,61,1143.8,3712.51,0
2529,1,0,0,0.0,1,10,298.45,298.45,1
2522,1,1,0,0.0,4,20,442.6,1291.8,0
4761,12,0,1,0.0,3,64,5567.55,5958.91,0
3259,1,0,1,1.0,5,1,54.3,98.32,0
5565,1,0,0,1.0,4,4,176.2,351.28,0
5197,24,0,1,1.0,3,72,6688.95,6812.79,0
3206,12,0,0,0.0,3,11,697.25,752.25,0
2414,1,0,1,1.0,2,2,196.9,273.92,1
2928,1,1,0,1.0,4,13,252.0,774.6,0
4700,1,1,0,0.0,3,53,4779.45,6068.94,0
4414,12,0,0,0.0,4,33,3055.5,4525.32,0
5993,24,0,1,0.0,3,72,6230.1,7095.54,0
3656,12,0,0,1.0,3,26,459.6,505.1,0
2399,12,0,1,0.0,4,42,3344.1,3911.52,0
4790,1,0,0,0.0,5,23,1081.25,2203.23,0
2253,1,0,0,1.0,4,10,583.0,712.6,0
5780,24,1,1,0.0,3,72,7966.9,10343.62,0
5624,1,0,0,0.0,4,12,523.1,897.74,0
4799,12,1,1,1.0,4,64,5629.15,8531.55,0
4415,1,0,1,0.0,2,58,5885.4,6188.98,1
4212,1,0,1,1.0,3,56,5916.95,6056.95,0
4067,24,0,1,1.0,3,72,1871.85,2827.29,0
2782,1,0,0,1.0,4,35,1701.65,1701.65,0
5121,12,0,1,1.0,3,58,6332.75,9041.35,0
2849,1,0,0,0.0,3,1,55.3,91.99,0
3520,1,0,1,0.0,2,5,357.75,592.15,1
5525,24,0,0,1.0,3,7,340.35,414.06,0
4952,24,1,1,1.0,4,59,6555.2,9275.1,0
5050,24,0,1,1.0,5,72,5730.15,7605.03,0
3214,24,1,0,1.0,5,8,125.0,232.44,0
4479,1,0,0,1.0,3,7,137.6,249.88,1
4556,24,0,0,1.0,3,72,4179.2,4179.2,0
4759,12,0,1,0.0,5,17,1070.7,1879.73,0
5115,1,0,1,0.0,1,2,106.55,156.21,1
5671,1,0,1,0.0,1,11,245.2,585.21,1
5219,24,1,0,0.0,3,70,1411.2,3290.7,0
4207,1,0,0,0.0,3,17,592.75,592.75,0
2948,1,1,0,0.0,4,3,75.45,189.0,0
6124,24,0,1,0.0,3,71,8564.75,9004.24,0
4449,12,0,0,1.0,5,2,181.65,257.85,0
4975,24,0,0,0.0,4,48,2627.35,3252.79,0
3579,1,0,0,0.0,3,15,1269.55,1639.0,1
2415,1,0,0,0.0,1,10,934.1,1145.3,1
5423,24,1,0,1.0,5,69,1436.95,2015.86,0
3619,1,0,0,0.0,5,23,1783.75,2132.89,0
2980,1,0,1,0.0,4,35,901.25,2295.65,0
4916,1,0,1,0.0,5,2,117.05,168.67,0
5360,1,0,0,1.0,3,14,667.7,667.7,1
3330,1,0,0,1.0,5,8,137.6,349.36,0
3830,1,0,0,1.0,3,1,20.3,46.67,1
5879,24,1,1,0.0,3,72,8058.55,9206.23,0
4097,1,0,0,1.0,1,10,402.6,747.0,1
3696,1,0,0,0.0,3,16,1430.25,1937.93,1
3802,1,0,0,0.0,1,43,3856.75,5538.91,1
6016,12,0,1,1.0,3,72,6588.95,7421.99,0
2868,24,0,0,0.0,4,3,196.4,336.35,0
5948,1,0,0,0.0,3,18,1794.65,1930.73,0
5666,12,1,1,1.0,5,67,6989.45,9601.11,0
4568,1,1,0,0.0,3,30,1561.5,1561.5,1
5661,24,1,1,0.0,3,55,4657.95,5119.4,0
5841,24,0,0,0.0,3,63,5309.5,7173.04,0
5556,12,0,0,0.0,4,41,3320.75,4887.36,0
5477,24,0,1,1.0,5,56,3389.25,5380.05,0
4796,1,0,1,0.0,4,1,49.8,53.77,0
4389,12,0,1,0.0,3,66,7432.05,8085.45,1
2563,1,1,0,0.0,5,14,1152.8,1715.88,0
5443,12,1,0,0.0,3,68,1193.55,3583.07,0
2166,1,0,0,0.0,3,3,152.3,236.87,0
3428,12,0,1,0.0,5,25,733.55,823.55,0
4905,24,0,0,0.0,4,60,5611.75,7561.75,0
4408,24,0,0,0.0,5,57,1115.6,3672.62,0
5928,1,0,0,0.0,3,7,580.1,617.86,0
5906,1,0,1,1.0,1,8,819.4,1143.0,1
3722,1,0,0,0.0,2,6,547.65,578.61,1
4412,12,0,1,0.0,1,61,6405.0,8546.71,1
2016,1,0,1,0.0,1,7,700.85,943.47,1
5092,24,1,0,0.0,3,72,7447.7,8698.74,0
2721,1,1,1,1.0,3,15,1559.25,1622.1,0
2878,1,0,0,0.0,3,5,92.05,301.7,0
3155,24,0,1,0.0,3,47,2754.0,3448.66,0
2626,1,0,0,0.0,5,46,2168.9,4023.62,0
6161,12,0,0,1.0,4,54,3529.95,3774.44,0
4451,12,0,0,1.0,5,12,219.35,419.99,0
4204,1,0,0,0.0,3,18,358.5,771.96,0
3971,12,0,0,0.0,5,11,184.95,472.16,0
4154,1,0,0,0.0,2,1,69.8,102.66,1
2233,1,0,1,0.0,1,29,2653.65,2834.9,1
3142,1,0,1,1.0,5,47,5135.15,7423.58,0
6043,1,0,1,0.0,5,58,4807.35,7398.21,0
4842,1,0,1,1.0,3,61,6300.15,8499.2,0
2510,1,0,0,0.0,5,26,1277.5,1277.5,0
4004,24,1,0,0.0,3,72,8033.1,9766.86,0
5640,1,0,0,0.0,1,10,857.2,970.2,1
5267,24,1,0,0.0,5,69,1412.65,4344.46,0
5590,1,0,1,0.0,3,29,1912.15,2430.38,0
5123,1,1,1,0.0,4,52,4993.4,6610.08,0
5409,24,1,1,0.0,4,11,300.7,466.14,0
5037,12,0,1,0.0,4,64,4480.7,6588.22,0
2876,1,0,1,1.0,1,3,151.3,218.98,1
2010,1,1,1,1.0,3,12,871.4,1050.92,1
4780,24,1,1,1.0,3,67,7009.5,9712.95,0
4669,12,0,0,1.0,1,57,3913.3,6002.35,1
3347,1,0,0,0.0,3,37,3419.3,3827.93,0
4840,1,1,0,0.0,3,1,19.85,48.95,0
2318,1,0,1,0.0,1,1,85.45,116.48,1
5397,1,0,0,0.0,4,45,3778.1,4014.4,0
4700,24,1,1,1.0,3,72,8100.55,9896.95,0
5671,24,1,0,1.0,3,10,521.0,498.03,0
3075,1,0,0,1.0,3,1,19.65,33.5,0
3463,1,1,0,0.0,1,1,70.65,108.33,1
4438,24,0,1,1.0,4,63,5538.8,8172.2,0
4905,1,0,0,0.0,5,10,247.0,370.9,0
5463,1,0,0,1.0,5,28,790.7,790.7,0
4193,24,0,0,0.0,5,57,1125.6,1221.93,0
5570,12,1,1,1.0,4,68,6770.5,9124.66,0
3817,12,0,1,1.0,5,47,3650.35,5507.79,0
4668,24,0,0,0.0,5,42,2762.75,4222.67,0
5100,1,1,0,0.0,5,5,163.55,163.55,0
4295,24,1,1,0.0,4,39,1004.35,2952.4,0
2491,12,0,0,0.0,4,23,1643.55,2128.81,0
4718,1,0,0,1.0,2,19,1441.1,1930.35,1
5075,24,0,0,0.0,3,49,3306.85,4308.9,0
3523,24,0,0,0.0,5,41,810.45,905.57,0
3880,1,0,1,1.0,4,11,601.6,941.87,0
2576,1,0,1,1.0,1,40,4113.1,5015.5,1
6424,24,0,1,1.0,1,58,6144.55,7767.97,1
3422,1,0,0,0.0,5,3,148.05,262.72,0
5277,1,0,1,0.0,5,3,174.2,297.17,0
4053,12,0,0,1.0,3,60,3928.3,6542.5,0
5903,1,1,0,1.0,5,23,1702.9,2823.69,0
2154,12,0,0,1.0,5,5,94.15,244.85,0
5453,24,1,0,1.0,3,62,3008.55,3128.55,0
5285,12,0,0,1.0,4,29,2948.6,3199.71,0
5264,24,0,1,1.0,4,70,6474.45,7781.35,0
3856,12,0,1,0.0,3,46,3255.35,3993.19,0
4283,1,0,1,0.0,2,69,7446.9,10013.7,1
5737,1,0,0,0.0,1,23,1900.25,2792.88,1
5063,24,0,1,0.0,5,71,1888.25,2682.03,0
4013,1,0,1,0.0,1,4,301.4,495.96,1
5042,12,0,1,1.0,3,37,2443.3,2925.78,0
4584,1,0,0,1.0,3,5,461.7,512.25,1
4676,24,0,1,1.0,5,61,5703.0,7206.66,0
5049,1,0,1,1.0,5,62,6164.7,7098.42,0
3396,12,0,0,0.0,3,48,936.7,1377.82,0
4739,1,0,0,1.0,1,1,70.9,110.71,1
5827,12,0,0,1.0,3,44,2774.55,4313.67,0
2847,1,0,0,1.0,4,14,300.4,419.96,0
4075,1,1,0,0.0,3,11,267.35,422.21,0
4138,1,0,1,0.0,1,1,80.3,97.81,1
5366,24,1,0,0.0,5,55,1083.0,2609.25,0
3625,1,0,0,0.0,3,1,19.65,47.53,0
5693,24,0,0,1.0,3,65,3517.9,3517.9,0
5154,24,1,0,1.0,4,67,1372.9,4639.15,0
4093,1,0,0,1.0,3,6,494.95,672.07,0
2607,12,0,0,0.0,3,39,779.2,2674.99,0
4889,1,0,1,0.0,5,2,171.45,280.27,0
2414,1,0,1,1.0,2,20,1734.5,1761.7,1
4806,1,0,0,0.0,1,13,952.3,1002.22,1
5246,1,0,0,0.0,1,4,193.6,253.88,1
4345,1,0,0,1.0,3,3,266.8,313.6,0
5082,1,0,0,0.0,2,1,79.55,121.68,1
4375,12,1,0,1.0,4,41,1412.4,1412.4,0
2185,1,0,0,0.0,4,45,3273.8,3740.0,0
5735,24,1,1,0.0,3,62,6638.35,8444.03,0
3653,1,0,0,0.0,5,4,308.1,485.54,0
4056,1,0,0,0.0,3,1,70.7,109.51,0
5555,1,0,0,1.0,5,22,470.2,1216.44,0
5322,12,0,0,1.0,4,33,1803.7,1803.7,0
6388,24,0,1,0.0,3,67,1672.15,2656.38,0
4118,24,0,1,1.0,4,72,1866.45,2352.45,0
2893,1,0,0,0.0,3,16,1170.5,1783.62,0
5720,12,0,1,0.0,3,44,4860.35,7049.35,0
3583,24,0,0,0.0,3,34,2427.35,2868.67,0
4476,1,0,0,1.0,3,1,34.7,34.7,1
5403,1,0,0,1.0,3,9,185.6,633.26,1
3167,1,0,1,1.0,1,15,757.1,1014.95,1
5160,12,0,0,0.0,3,1,18.8,62.37,0
3336,1,0,1,0.0,2,33,2745.7,3218.92,1
3161,12,0,0,1.0,4,13,742.9,1349.74,0
6186,24,1,0,0.0,4,58,1191.4,2654.36,0
2613,1,0,0,0.0,4,47,2723.4,2873.8,0
4240,24,0,0,0.0,4,72,6141.65,6538.37,0
4803,24,0,1,1.0,4,69,7455.45,9105.93,0
4522,1,0,0,0.0,1,2,94.55,105.69,1
4270,12,0,0,0.0,3,64,5017.7,5969.38,0
3448,1,0,0,1.0,1,1,19.6,33.77,1
2152,1,0,0,0.0,2,43,2499.3,4101.05,1
4579,24,1,0,0.0,4,59,1222.65,1783.74,0
3916,1,0,0,1.0,3,3,293.65,391.93,1
3839,1,0,1,0.0,5,37,2030.75,3044.92,0
5781,24,0,1,1.0,3,72,7459.05,9225.21,0
2709,1,0,1,1.0,3,12,1060.2,1378.7,1
5481,12,0,1,0.0,4,29,1620.2,2761.35,0
5039,1,0,1,0.0,3,30,1888.45,1967.65,0
5386,1,1,1,0.0,1,4,239.55,291.07,1
4113,24,0,1,1.0,3,68,6424.7,7488.9,0
2768,12,0,0,1.0,4,22,467.15,973.81,0
5113,24,0,1,1.0,3,63,4676.7,5442.15,0
4380,12,0,0,0.0,4,51,2928.5,2928.5,0
6444,24,1,1,1.0,4,72,7922.75,11315.79,0
4284,1,0,0,1.0,5,25,1293.8,1293.8,0
4986,1,1,0,1.0,3,49,2970.3,3229.51,0
2446,12,1,0,1.0,4,41,798.2,2418.93,0
6321,1,1,0,0.0,3,51,4018.55,4147.58,0
4408,1,0,1,1.0,4,12,316.2,343.68,0
2939,24,0,0,0.0,3,8,562.7,902.94,0
2604,12,0,1,0.0,3,38,3187.65,4141.83,0
2564,24,1,0,0.0,4,36,1547.35,1547.35,0
5037,24,0,1,1.0,5,67,5883.85,6098.25,0
3553,1,0,1,0.0,1,3,256.25,327.71,1
2827,1,0,1,1.0,4,44,4915.15,6870.95,0
5971,24,0,0,0.0,4,60,1258.15,3066.55,0
5395,12,0,1,0.0,3,58,4299.2,6754.34,0
4505,24,0,0,1.0,3,72,4888.2,5775.24,0
4934,24,1,0,0.0,3,72,4664.5,4724.5,0
5012,24,0,1,0.0,4,66,5538.35,8366.45,0
2199,1,0,0,0.0,3,1,79.6,98.92,1
6002,24,1,0,1.0,5,63,1245.6,1917.81,0
4384,1,0,0,1.0,3,27,2383.6,3453.34,0
2756,1,0,1,0.0,3,1,77.15,114.85,1
4704,1,0,0,1.0,3,7,521.35,584.0,0
4779,1,0,0,1.0,1,1,69.1,85.65,1
4551,1,0,1,1.0,4,63,6713.2,8275.19,0
3030,1,0,0,0.0,4,4,118.4,118.4,0
2185,12,0,0,0.0,4,17,279.5,816.7,0
4730,24,0,1,0.0,4,61,5321.25,6515.63,0
4500,1,1,0,1.0,2,11,221.35,585.01,1
2961,1,0,0,1.0,1,4,302.75,519.87,1
5240,24,1,1,0.0,4,64,5817.45,8185.45,0
5874,24,1,0,1.0,4,6,100.35,250.65,0
5567,24,0,1,1.0,4,72,8013.55,11596.99,0
6487,24,0,1,0.0,3,69,6322.1,9594.77,0
2198,1,0,0,0.0,3,4,91.4,274.76,0
4272,24,0,1,0.0,4,72,7965.95,8275.39,0
5427,12,1,1,0.0,4,67,7388.45,8755.92,0
5014,1,0,0,0.0,5,7,313.45,533.46,0
2416,12,0,0,1.0,5,20,1671.6,2135.2,0
5560,1,1,1,0.0,1,2,113.55,124.89,1
2485,1,0,0,0.0,2,1,70.0,108.8,1
5072,24,0,1,1.0,3,70,6859.05,8711.95,0
5301,24,0,1,0.0,3,60,6067.4,6670.4,0
5872,24,0,0,1.0,5,71,5564.85,7554.27,0
4624,12,0,0,0.0,4,18,711.95,801.95,0
5948,1,0,0,0.0,2,1,69.55,82.01,1
5568,24,1,1,0.0,4,70,5979.7,8697.8,0
5527,1,0,0,1.0,1,1,55.8,82.02,1
4099,1,0,0,0.0,3,1,35.0,35.0,0
4196,1,0,1,1.0,1,65,6786.4,7981.75,1
4213,24,1,1,0.0,3,72,6954.15,7807.35,0
3498,1,0,1,0.0,2,38,3624.3,5512.9,1
2279,12,0,0,0.0,3,2,28.3,59.88,1
4499,1,0,0,1.0,2,1,45.1,60.38,1
4582,1,0,1,1.0,5,63,6871.7,8155.01,0
2071,12,0,0,1.0,1,38,3058.65,4659.97,1
5179,12,1,0,0.0,3,62,4983.05,7428.44,0
4298,12,1,0,1.0,4,52,2610.65,3132.21,0
6268,24,0,1,1.0,3,72,8196.4,9735.76,0
5276,12,0,1,0.0,3,54,3770.0,6386.3,0
3880,1,0,0,1.0,5,11,521.9,664.35,0
2044,1,0,1,0.0,4,2,136.05,218.21,0
5313,1,0,1,1.0,3,65,6914.95,9621.1,0
2431,1,0,0,1.0,1,1,50.65,65.43,1
2681,1,0,0,0.0,5,15,309.4,551.35,0
2400,12,0,0,1.0,3,14,324.8,689.08,0
3207,1,0,1,0.0,3,22,2234.95,3018.59,0
5748,24,1,0,1.0,3,68,6683.4,7315.12,0
4382,1,0,0,1.0,3,20,1901.65,2473.05,0
2464,1,0,0,0.0,3,19,1495.1,2029.71,0
2373,1,0,1,1.0,1,19,1660.0,2194.28,1
5968,1,0,0,1.0,3,2,123.05,196.97,0
5679,24,0,1,0.0,3,56,5219.65,7833.17,0
4177,1,0,0,0.0,3,12,246.7,634.54,0
6045,24,0,1,1.0,3,71,5585.4,6364.27,0
4275,1,1,1,1.0,3,48,4997.5,6455.52,0
5655,1,0,0,0.0,2,2,92.65,179.97,1
5613,1,1,0,1.0,3,3,177.4,356.05,0
5531,12,0,0,0.0,3,39,1886.4,2944.27,0
2206,1,0,1,1.0,1,18,1687.95,2254.77,1
6404,24,1,0,1.0,4,51,1782.0,1772.61,0
4240,24,0,1,0.0,4,70,7737.55,9311.79,0
4699,1,0,0,0.0,4,3,98.5,98.5,0
4126,12,0,0,0.0,5,30,3021.3,3386.4,0
4480,12,0,1,1.0,5,68,5762.95,6576.63,0
4277,24,0,0,0.0,3,60,2907.55,2947.55,0
5268,12,0,0,0.0,3,43,1463.7,1463.7,0
2925,24,0,1,1.0,4,44,4040.2,4684.8,0
4025,12,0,0,0.0,3,23,2326.05,3289.29,0
4749,1,1,0,0.0,3,13,750.1,1116.05,0
4808,24,1,0,1.0,5,71,1301.1,2356.16,0
4015,24,0,1,0.0,4,71,1710.15,4789.42,0
5534,1,1,0,1.0,3,53,3363.8,3475.63,0
5282,1,1,1,0.0,1,54,3092.65,3454.45,1
5261,1,0,1,0.0,3,67,5588.8,8597.1,0
2051,1,0,0,0.0,2,1,19.95,37.56,1
5926,12,0,1,0.0,4,56,5608.4,6758.08,0
5421,1,0,0,0.0,3,24,2107.15,2335.87,0
2177,1,1,0,0.0,3,23,1936.85,2563.37,0
5915,12,1,0,0.0,4,54,5826.65,6966.87,0
5701,1,0,1,1.0,3,5,462.8,663.55,1
4390,1,0,0,0.0,1,17,1144.5,1354.72,1
5211,1,0,1,1.0,3,50,5431.9,5890.9,0
5712,12,0,0,0.0,4,55,3157.0,5186.35,0
4525,1,1,0,1.0,2,6,260.8,556.0,1
5951,1,0,0,1.0,1,1,89.9,122.75,1
4954,24,1,1,1.0,4,70,1782.05,2435.15,0
5905,24,0,1,1.0,3,72,8405.0,9816.2,0
4204,24,0,1,1.0,3,69,5031.0,5952.84,0
5102,1,0,0,1.0,2,22,1152.7,1751.98,1
6214,24,1,1,0.0,4,60,4859.1,5903.37,0
5432,1,0,0,0.0,2,8,164.3,387.9,1
4043,12,0,0,0.0,5,69,2492.25,2642.25,0
6117,12,0,1,0.0,3,54,5639.05,7986.43,1
6316,12,0,1,1.0,3,70,4543.15,6623.55,0
5282,1,1,0,1.0,3,13,1334.45,1907.1,0
5055,1,0,0,1.0,1,2,144.55,232.61,1
3315,1,1,1,1.0,5,46,3769.7,4023.62,0
4259,24,0,1,1.0,4,72,8065.65,11032.77,0
6432,12,0,1,1.0,5,61,4914.8,6685.48,0
5398,12,0,0,1.0,3,45,930.45,2073.45,1
4584,12,0,0,0.0,5,30,2638.1,2718.2,0
3571,12,1,1,0.0,3,22,1663.75,2459.05,0
4111,24,0,1,1.0,3,71,7616.0,9885.87,0
3413,24,1,0,1.0,3,42,833.55,965.43,0
5498,24,1,0,0.0,3,72,3784.0,3784.0,0
3567,1,0,0,0.0,2,3,242.05,337.69,1
5546,1,0,0,0.0,1,24,2238.5,3018.26,1
4736,24,1,1,1.0,3,46,4630.2,6886.81,0
4172,12,0,0,0.0,5,13,966.25,1520.31,0
5040,12,1,0,1.0,3,47,1794.8,1794.8,0
4773,24,0,1,0.0,4,72,7840.6,8862.28,0
3012,1,0,1,0.0,4,34,2003.6,2421.8,0
4910,12,1,0,0.0,5,20,395.6,541.8,0
4879,1,0,0,1.0,3,1,44.45,92.76,1
4479,24,0,1,0.0,3,71,7382.25,8423.82,0
4334,1,0,1,1.0,3,12,832.3,1381.9,0
2269,1,0,0,0.0,3,8,365.55,664.86,1
5679,1,0,1,1.0,3,1,85.0,115.52,1
3282,1,0,0,1.0,4,31,2019.8,2804.1,0
5394,1,0,0,0.0,1,13,1201.15,1650.74,1
5750,1,0,0,0.0,3,68,3085.35,3085.35,0
2571,1,0,1,0.0,3,27,2122.05,3280.62,1
2278,1,0,0,1.0,4,11,795.65,888.93,0
6399,12,1,1,1.0,4,60,5811.8,8694.2,0
4671,24,0,1,0.0,4,62,1416.75,1969.17,0
4821,24,1,0,0.0,3,19,387.4,989.7,0
4970,1,1,0,0.0,5,32,2723.75,3706.87,0
5357,1,0,1,1.0,4,43,3398.9,5197.59,0
5344,12,0,0,0.0,5,56,4557.5,7143.58,0
5286,1,0,0,1.0,4,1,55.45,71.88,0
3007,1,0,0,1.0,4,2,38.8,58.02,0
4732,24,1,1,0.0,4,68,5560.0,7270.88,0
5418,12,0,1,1.0,4,69,1763.55,3287.07,0
5756,1,1,0,0.0,4,5,232.55,477.85,0
2038,1,0,0,0.0,3,8,226.95,226.95,0
3051,1,0,1,0.0,3,2,184.65,267.01,1
5341,1,0,0,1.0,3,1,69.95,82.99,1
6335,12,0,1,1.0,3,56,5471.75,6096.84,0
4695,12,0,1,1.0,4,71,7412.25,7723.94,0
3202,12,0,0,0.0,3,34,3128.8,4029.46,0
3517,12,0,1,1.0,3,46,4594.65,6252.77,0
2802,1,0,0,1.0,1,3,139.35,139.35,1
4161,12,0,0,0.0,5,29,788.05,788.05,0
4548,1,0,0,1.0,1,1,69.85,81.98,1
5795,1,0,1,0.0,1,1,95.1,99.99,1
2191,1,0,0,0.0,3,27,1461.45,1868.88,0
4193,1,0,1,1.0,3,8,649.65,847.73,1
4163,1,0,1,0.0,4,10,568.2,908.0,0
3753,24,1,1,0.0,4,37,861.85,2515.01,0
3320,1,0,0,0.0,3,10,865.55,1034.05,1
4171,1,0,0,1.0,4,11,733.95,1274.51,0
4167,1,0,0,0.0,1,4,307.4,437.12,1
5651,24,0,0,0.0,5,49,2106.05,3832.45,0
3546,12,0,0,1.0,4,17,1175.6,1946.55,0
3522,12,1,0,0.0,3,17,792.15,792.15,0
5186,12,0,0,1.0,4,52,1022.95,2195.55,0
5168,1,1,0,0.0,3,64,5135.35,8302.71,0
5453,24,1,1,0.0,5,39,987.95,1787.06,0
3740,1,0,0,1.0,3,18,908.75,1556.03,0
5880,12,0,0,1.0,4,29,529.5,1965.58,0
5156,12,0,1,0.0,3,26,1581.95,2570.99,0
2075,1,0,1,1.0,1,42,3959.35,4698.97,1
4873,1,0,1,1.0,2,42,2203.65,2628.34,1
4422,12,1,1,1.0,4,70,5445.95,7958.95,0
4943,1,1,0,0.0,4,3,60.65,151.67,0
4221,24,1,1,0.0,3,45,4900.65,5237.25,0
2613,1,1,0,1.0,1,3,91.7,91.7,1
2323,1,0,0,1.0,2,2,145.15,160.43,1
4620,12,0,1,1.0,3,68,3975.7,6934.98,0
4486,12,1,0,0.0,3,2,38.25,100.27,0
5434,24,1,1,0.0,4,68,1686.15,3510.59,0
4344,1,0,0,0.0,5,4,82.85,95.05,0
2285,1,0,0,1.0,3,1,20.95,23.24,0
5195,12,1,0,1.0,3,28,1992.2,2354.52,0
4639,1,0,1,1.0,3,49,4254.85,6195.25,1
2921,1,0,1,1.0,3,26,2599.95,3267.11,0
4149,12,0,1,1.0,1,54,4350.1,5002.42,1
4490,1,0,0,1.0,2,1,79.5,128.47,1
2182,1,0,1,0.0,4,5,283.95,540.95,0
4246,24,1,0,1.0,3,19,387.7,989.88,0
6488,24,0,0,1.0,4,62,4819.75,6346.19,0
4111,1,0,1,1.0,4,39,4040.65,4710.28,0
2632,1,0,1,0.0,1,8,773.65,964.77,1
3111,12,0,0,0.0,5,20,1614.2,2044.0,0
2950,1,1,0,0.0,3,7,554.05,667.59,0
4162,24,0,0,0.0,5,69,4131.2,4319.57,0
6315,24,1,0,0.0,5,60,1161.75,2480.55,0
5604,12,0,1,0.0,3,51,5686.4,7029.35,0
5302,24,1,1,0.0,3,24,571.75,1069.51,0
4325,1,1,1,1.0,5,49,4889.2,6230.82,0
3969,1,0,0,0.0,4,2,151.75,159.27,0
5036,1,1,0,1.0,3,30,2570.2,2875.9,0
3248,24,1,0,0.0,3,47,2768.65,2768.65,0
2893,1,0,0,1.0,5,6,497.6,787.52,0
3740,1,0,0,0.0,2,13,1222.8,1454.59,1
2021,24,0,0,0.0,5,47,973.1,1280.48,0
5245,1,0,1,0.0,3,24,2496.7,2574.22,1
3410,1,0,1,0.0,1,22,1742.75,2031.17,1
3286,24,0,1,1.0,3,47,2879.9,4560.15,0
4519,1,0,1,1.0,2,15,899.8,1509.7,1
5530,1,0,1,0.0,5,28,2684.35,3624.31,0
5636,12,0,0,0.0,4,57,5199.8,7857.14,0
2403,12,0,0,0.0,5,26,505.9,1683.18,0
5924,1,0,0,1.0,5,37,1478.85,1478.85,0
4748,1,0,0,1.0,2,9,741.7,914.32,1
3913,1,1,0,0.0,1,1,48.95,83.35,1
2502,12,0,0,0.0,5,26,1597.4,2042.52,0
3425,1,1,1,1.0,3,18,992.7,1307.88,0
3083,1,1,1,0.0,3,6,518.75,766.49,0
5557,1,0,1,1.0,3,24,2072.75,3130.91,0
3152,12,0,0,1.0,5,8,153.95,541.07,0
2663,1,0,0,0.0,1,29,1974.8,2300.76,1
2299,1,0,1,0.0,4,41,3190.65,3511.68,0
5265,24,1,0,1.0,3,72,1401.15,3356.67,0
3178,1,0,0,0.0,3,26,2146.5,3195.6,0
4854,12,1,1,0.0,5,41,4454.25,5291.06,0
4903,1,0,0,1.0,2,3,134.5,267.88,1
5318,1,0,0,0.0,5,21,1857.25,2325.55,0
5152,24,0,1,0.0,3,72,7422.1,9500.02,0
4485,12,1,0,1.0,3,71,6179.35,8320.71,0
6268,12,0,1,1.0,1,56,5794.65,8527.45,1
5154,1,0,0,1.0,3,26,2351.8,3253.74,1
5372,1,1,1,0.0,3,8,820.5,917.7,1
4021,1,0,0,0.0,5,56,2564.95,2564.95,0
4296,1,0,0,1.0,3,14,1337.45,1726.65,0
2671,1,0,0,1.0,3,2,139.05,165.39,1
2649,1,0,0,0.0,2,18,553.0,623.0,1
6292,1,0,1,1.0,3,60,5450.7,8023.5,0
4137,1,0,0,1.0,3,20,375.25,1335.85,0
4795,1,0,0,0.0,3,30,1527.5,1667.0,1
4011,1,0,0,1.0,5,9,530.05,882.76,0
6188,24,1,1,1.0,3,72,6511.8,8278.2,0
4531,1,1,0,1.0,1,1,60.0,113.48,1
2333,1,1,0,1.0,5,13,251.25,468.87,0
4095,1,0,1,1.0,3,30,2866.45,3181.45,1
5764,1,0,1,1.0,2,40,3303.05,3384.25,1
5397,24,0,0,1.0,4,11,231.45,779.25,0
2469,24,0,0,1.0,3,1,70.05,73.02,0
4033,12,0,0,0.0,4,19,1045.25,1507.9,0
4690,1,1,1,1.0,3,2,242.8,220.38,1
4638,1,1,1,1.0,1,27,2135.5,2235.41,1
2848,24,0,0,1.0,3,11,834.7,1103.32,0
4106,24,0,1,0.0,3,69,1718.35,4831.63,0
4912,1,1,0,0.0,3,57,5567.45,7177.7,0
4777,1,0,0,0.0,3,14,1266.1,1424.44,1
5277,1,0,0,0.0,4,1,49.55,60.38,0
5028,1,0,0,0.0,1,9,418.8,438.8,1
4743,24,1,1,0.0,3,67,6885.75,7643.52,0
5097,1,0,0,0.0,4,35,812.5,852.5,0
5280,12,1,1,1.0,4,71,6300.85,7962.96,0
5844,1,0,0,0.0,2,1,69.65,76.88,1
5745,24,1,0,0.0,5,36,754.5,1917.3,0
5263,12,1,0,1.0,5,37,3247.55,4838.92,0
4331,1,1,0,1.0,3,27,1972.35,3232.17,0
5442,1,1,1,1.0,3,32,2045.55,3110.51,0
5327,12,0,0,1.0,4,28,534.7,1665.62,0
2231,1,1,0,0.0,5,6,100.9,193.9,0
3784,1,0,0,1.0,4,19,468.35,468.35,0
5644,12,0,1,0.0,4,45,1174.35,3195.3,0
4017,12,0,0,1.0,3,36,1992.85,3689.52,0
3094,1,0,0,0.0,4,4,360.55,406.55,0
5680,12,0,1,0.0,3,60,7049.5,9703.9,0
4489,1,0,0,0.0,3,7,112.3,176.28,1
5928,12,0,0,0.0,1,35,3030.6,3923.45,1
3757,1,0,0,0.0,1,9,416.45,557.03,1
4120,24,0,1,1.0,3,70,6944.5,10304.5,0
5963,1,0,1,1.0,1,23,2470.1,2844.54,1
2701,1,0,0,1.0,4,36,3366.05,4837.37,0
3461,24,1,0,0.0,4,21,1183.2,1164.07,0
2030,24,0,0,0.0,4,35,1434.6,1434.6,0
5316,24,1,0,1.0,3,60,1189.9,2185.3,0
4287,1,0,1,0.0,3,50,4816.7,5762.7,1
5533,1,0,0,1.0,1,1,79.25,99.23,1
4008,24,0,1,1.0,4,72,8436.25,9511.93,0
4487,24,0,0,0.0,3,57,3894.4,5954.38,0
4099,1,0,0,1.0,3,8,445.85,597.85,0
4024,1,0,1,1.0,3,5,550.6,773.85,0
3080,1,0,0,0.0,4,26,1183.8,1183.8,0
3573,12,0,0,1.0,3,24,456.85,1245.49,0
6450,24,0,1,1.0,4,72,6151.9,6941.74,0
5958,12,1,1,1.0,4,68,5733.4,6770.33,0
2615,24,0,1,1.0,3,37,3460.95,3946.76,0
2132,1,1,1,1.0,3,31,2823.0,3466.56,0
4363,12,0,0,1.0,3,67,3870.0,6281.33,0
2610,1,0,0,0.0,5,5,426.35,600.9,0
5232,24,0,1,1.0,4,72,7746.7,8718.53,0
3716,1,0,1,0.0,2,4,308.7,421.14,1
3087,24,0,0,0.0,3,8,141.6,329.28,0
4352,1,0,0,0.0,5,34,1815.3,3198.08,0
4123,1,0,1,0.0,3,21,2317.1,3198.56,1
4412,24,1,1,1.0,4,70,5617.95,5905.65,0
5973,24,0,1,1.0,4,71,7365.3,7639.36,0
2929,24,0,0,0.0,3,45,2296.25,4333.4,0
5739,1,0,1,0.0,5,10,797.25,953.25,0
5503,1,0,1,0.0,3,34,3540.65,4492.65,0
3478,1,1,0,0.0,4,6,98.35,199.81,0
4884,1,0,0,1.0,3,1,75.7,84.75,1
5436,24,1,1,1.0,4,69,7297.75,8849.56,0
3114,24,1,0,0.0,4,32,696.8,1238.88,0
4633,1,1,0,0.0,3,1,19.9,27.39,1
2777,1,0,0,0.0,3,34,2564.3,3021.6,1
4253,1,0,0,0.0,3,14,668.85,725.55,0
3628,1,0,0,0.0,3,9,653.25,963.12,0
3471,24,1,1,0.0,3,14,1346.3,1547.76,0
4304,1,0,1,0.0,5,48,4946.05,5450.05,0
2428,1,0,0,1.0,2,15,297.3,894.9,1
3469,1,0,1,0.0,3,5,402.5,509.0,0
4510,1,0,0,1.0,4,4,293.85,318.57,0
2008,1,0,1,1.0,1,13,1358.85,1412.9,1
5564,1,0,0,0.0,5,17,1329.15,1713.52,0
4283,1,0,0,0.0,4,9,178.85,601.31,0
4020,1,0,1,1.0,3,69,7007.6,10374.8,1
4036,12,1,1,0.0,5,38,3741.85,4817.25,0
4603,24,1,0,0.0,4,72,1326.25,2913.85,0
4510,12,0,1,1.0,4,47,4615.25,6507.0,0
4620,1,0,0,0.0,2,1,69.7,91.22,1
5843,12,0,0,0.0,4,39,2209.15,2473.18,0
4577,24,0,0,0.0,5,2,37.2,51.26,0
5242,24,0,0,1.0,4,8,572.85,907.65,0
5598,1,0,1,0.0,1,12,1132.75,1590.67,1
4212,1,0,1,1.0,3,1,54.35,79.74,1
4267,1,0,0,0.0,3,4,55.7,241.82,0
4412,24,0,1,1.0,5,71,1725.4,3480.52,0
4939,1,0,0,1.0,3,1,20.15,41.74,1
5715,1,0,0,1.0,2,5,415.55,448.01,1
4934,24,0,1,1.0,4,64,5632.55,6553.51,0
3150,1,0,0,1.0,5,46,2065.15,3175.13,0
4621,1,0,1,0.0,3,55,4266.4,5556.15,0
4018,12,0,0,0.0,3,12,267.0,466.08,0
2683,1,1,1,1.0,3,16,1882.55,2625.75,0
6080,24,0,0,1.0,1,64,4481.0,6344.68,1
5978,12,1,0,1.0,4,27,1567.55,1668.56,0
5761,1,0,0,0.0,5,6,130.5,172.08,0
5657,1,1,0,1.0,4,22,400.3,1489.52,0
2664,1,0,0,0.0,5,1,20.45,60.06,0
4272,1,0,0,0.0,1,40,2109.35,2189.35,1
5038,24,0,1,1.0,4,64,5948.7,6029.98,0
4146,1,1,0,0.0,5,16,275.9,447.78,0
3200,12,0,0,1.0,4,23,1940.8,2413.29,0
4623,1,0,0,0.0,4,9,466.6,579.91,0
3157,1,0,1,1.0,1,26,2710.25,2833.01,1
5775,1,1,0,0.0,4,4,299.75,430.46,0
2080,1,0,1,1.0,2,35,3474.05,4782.55,1
3172,1,0,1,0.0,4,39,3949.15,4735.0,0
4387,1,1,0,1.0,3,2,63.75,63.75,0
5105,12,0,0,0.0,5,28,1426.45,2398.09,0
2641,12,0,1,0.0,5,46,4564.9,4758.1,0
5212,12,0,0,0.0,5,33,690.25,1819.51,0
3596,1,0,1,0.0,3,10,1068.85,1389.55,1
2569,1,0,1,0.0,4,1,25.75,40.97,0
2887,1,0,0,0.0,3,21,1424.4,1763.76,0
2926,1,0,0,1.0,4,21,1393.6,2230.45,0
4642,24,0,1,0.0,3,71,1836.9,4118.13,0
3099,12,0,0,1.0,3,22,903.6,903.6,1
5371,1,1,1,0.0,3,64,5960.5,8173.62,0
4562,1,0,0,0.0,4,7,497.3,714.23,0
2058,1,0,1,1.0,3,21,1948.35,2559.21,0
4157,1,0,1,1.0,3,15,1566.75,1718.55,0
4517,1,0,0,0.0,1,27,1929.35,2118.89,1
4965,12,0,1,0.0,3,51,4614.55,5084.26,0
3043,1,0,1,1.0,3,1,50.15,90.02,0
4193,24,1,1,1.0,3,72,6339.3,8769.3,0
2560,24,0,0,0.0,3,8,371.4,371.4,0
3575,12,0,0,1.0,4,7,134.05,425.53,0
5688,12,0,0,0.0,3,63,5329.55,7890.5,0
3407,1,0,1,1.0,1,11,608.0,773.33,1
3843,1,0,0,0.0,1,2,81.0,120.04,1
3348,1,0,1,0.0,4,33,3092.0,4140.08,0
5495,12,0,1,1.0,5,29,1442.0,2533.85,0
5942,1,0,0,0.0,5,20,505.95,505.95,0
5160,12,0,0,1.0,2,17,1704.95,1796.75,1
2681,12,0,0,0.0,1,48,2896.4,4524.08,1
5450,1,0,0,1.0,1,3,108.95,108.95,1
2421,1,0,0,1.0,4,18,1221.65,1835.81,0
3646,12,0,0,1.0,4,17,418.25,566.83,0
4613,24,0,1,1.0,3,72,4808.7,6055.02,0
5508,1,0,1,1.0,4,7,173.0,182.87,0
3223,1,0,1,1.0,1,4,321.65,504.93,1
5145,1,0,0,0.0,4,28,563.05,1748.29,0
4504,1,0,0,1.0,4,1,53.55,69.61,0
5369,12,0,0,0.0,3,64,6314.35,7531.06,0
5458,1,0,1,0.0,1,42,4186.3,4473.58,1
3764,24,1,0,1.0,4,35,686.95,1416.7,0
4287,1,0,1,1.0,1,5,371.65,577.41,1
4666,12,1,1,1.0,3,61,4820.55,7289.83,0
3560,12,0,0,0.0,3,27,1421.75,1665.02,0
5239,1,0,0,0.0,3,2,143.65,240.97,1
2757,1,1,0,0.0,3,9,906.85,1239.31,0
6469,24,0,1,1.0,3,62,4237.5,6787.56,0
5733,24,1,0,1.0,3,63,4014.2,4178.54,0
5617,1,0,1,0.0,4,1,50.1,79.23,0
4741,12,1,0,0.0,3,13,877.35,1050.51,0
2604,1,0,0,1.0,3,5,113.85,285.15,1
4180,24,0,1,0.0,4,70,5991.05,7176.15,0
3452,1,0,0,1.0,1,26,2335.3,2497.54,1
5646,24,1,0,0.0,3,54,1092.35,3356.57,0
6391,12,1,0,0.0,5,50,938.95,2287.95,0
2608,24,1,0,0.0,5,48,935.9,1404.86,0
6058,24,1,0,1.0,3,69,1356.7,3301.81,0
4055,24,1,1,1.0,3,72,8477.7,10769.46,0
4019,1,0,1,0.0,1,54,5278.15,7181.54,1
4934,12,0,0,1.0,4,50,989.05,2886.55,0
3578,1,0,0,1.0,1,6,567.45,689.01,1
5169,24,1,0,1.0,4,72,7559.55,8059.95,0
5979,24,0,1,0.0,4,70,7752.05,9749.85,0
4629,12,0,1,0.0,3,68,8035.95,10257.51,0
6435,12,0,0,0.0,3,50,4549.45,5317.95,0
5973,1,0,0,1.0,1,1,45.8,77.91,1
5504,24,1,0,0.0,3,72,4855.35,6004.47,0
5379,1,0,0,0.0,4,23,1406.0,1603.86,0
2192,1,1,0,1.0,5,25,471.7,793.45,0
5641,12,1,1,0.0,5,61,6241.35,8348.29,0
5948,1,0,1,1.0,2,3,220.6,363.13,1
4411,12,0,0,1.0,4,38,814.75,1215.27,0
6231,24,0,0,1.0,3,55,3068.6,3433.25,0
4588,24,0,1,1.0,3,70,7987.6,11221.6,0
3421,1,0,1,1.0,4,34,780.2,1171.88,0
4886,24,0,1,0.0,3,72,8547.15,11174.43,0
4991,1,0,1,0.0,5,54,3919.15,5817.79,0
5721,1,1,1,0.0,3,35,3782.4,5441.0,0
3878,1,1,0,1.0,2,6,324.25,335.41,1
3509,12,0,0,0.0,5,10,184.4,324.8,0
3179,24,1,1,1.0,5,10,225.55,411.25,0
3790,1,0,0,0.0,1,2,197.7,272.56,1
5956,1,0,1,0.0,3,66,4264.6,4770.82,0
5230,1,0,0,0.0,3,1,49.95,94.93,0
4599,12,0,0,0.0,3,39,3877.95,4234.02,0
4271,12,0,0,1.0,5,7,128.6,342.66,0
4618,1,0,0,1.0,1,2,93.7,176.56,1
6287,12,1,0,1.0,3,57,3274.35,4348.8,0
4567,12,1,0,0.0,3,49,4345.0,5965.43,0
6435,24,0,0,1.0,3,66,3177.25,3177.25,0
5732,1,0,1,0.0,1,49,4783.5,7215.37,1
5494,1,1,0,1.0,3,52,4433.3,5310.54,0
4795,24,0,0,1.0,3,71,3377.8,3377.8,0
3522,1,0,0,0.0,3,9,657.5,1091.75,0
4766,1,0,1,0.0,1,24,2391.8,3222.68,1
5044,12,0,1,0.0,3,64,5289.05,7226.33,0
2558,24,1,0,1.0,5,12,212.3,419.06,0
5630,1,0,0,0.0,3,21,1565.7,1672.17,1
2558,1,0,0,0.0,1,36,3078.1,4076.02,1
5819,24,1,0,0.0,4,71,1388.45,3668.97,0
6500,24,0,0,0.0,3,56,4824.45,6598.53,0
4198,1,1,1,1.0,4,19,1375.6,1527.98,0
5913,1,0,0,0.0,4,1,43.85,69.75,0
3641,1,0,1,1.0,5,3,212.4,189.72,0
2230,1,0,1,0.0,1,13,1290.0,1537.39,1
6258,24,0,1,1.0,4,72,7852.4,10788.56,0
4024,24,1,1,1.0,4,65,6700.05,9268.85,0
5179,1,0,0,1.0,4,12,223.6,329.44,0
5249,1,0,1,0.0,3,53,4921.2,5114.23,0
4781,24,0,0,0.0,3,64,4759.55,5913.47,0
6334,1,0,0,1.0,3,52,2535.55,4559.91,0
3302,12,0,0,1.0,3,21,1336.8,1985.28,0
2966,1,0,1,1.0,3,10,834.1,893.3,1
4948,24,0,1,1.0,3,63,1618.2,3302.82,0
2325,1,0,1,0.0,3,24,1747.85,2173.37,1
6115,12,1,0,0.0,5,50,2230.85,4025.13,0
3950,1,0,0,0.0,5,8,713.6,1025.68,0
5554,24,0,1,0.0,3,63,4995.35,6969.77,0
4292,24,1,1,1.0,3,58,4415.75,4582.21,0
4120,1,0,1,0.0,3,1,75.1,79.63,0
5007,1,0,1,0.0,2,9,829.1,1002.08,1
5433,12,0,0,0.0,3,46,3231.05,5289.55,0
5613,1,0,0,0.0,2,1,76.35,83.61,1
4216,1,0,0,0.0,3,7,525.0,745.42,0
3685,1,0,1,0.0,1,2,179.25,222.39,1
2648,1,0,0,0.0,5,1,20.35,52.32,0
5627,1,0,0,0.0,2,2,33.2,97.26,1
4565,12,0,0,0.0,3,41,2511.3,2610.93,0
4898,1,0,1,1.0,5,43,3161.4,4006.78,0
5511,24,0,0,0.0,4,16,1024.0,1396.96,0
4017,1,0,0,0.0,2,32,2585.95,3785.31,1
5233,12,0,1,0.0,3,51,3043.6,3545.95,0
4556,24,1,0,1.0,3,68,3948.45,3948.45,0
5919,1,0,0,0.0,1,1,74.9,110.15,1
5993,1,0,0,1.0,3,18,1299.8,2176.04,0
2522,12,0,0,1.0,4,43,1931.3,1931.3,0
4371,1,0,0,1.0,2,1,69.25,98.93,1
4244,12,0,1,1.0,3,59,4070.95,5891.83,0
2850,1,0,1,1.0,1,16,1194.3,1946.14,1
3900,1,1,0,1.0,3,39,2341.5,4218.96,0
3348,1,0,1,0.0,1,1,74.7,86.04,1
2708,1,0,1,0.0,1,18,1527.35,1773.05,1
6473,12,0,0,1.0,4,56,1238.65,3961.93,0
2363,1,0,1,1.0,1,8,847.3,1004.74,1
3804,1,0,0,0.0,1,22,1845.9,1934.12,1
2457,1,0,0,0.0,2,10,659.65,845.26,1
2814,1,1,1,1.0,3,17,1077.05,1584.84,0
3038,1,0,0,0.0,1,3,208.85,288.98,1
6166,24,1,0,0.0,4,69,6671.7,7501.08,0
5400,24,0,1,0.0,5,59,4590.35,4952.02,0
2289,24,1,0,1.0,4,25,383.65,454.15,0
5026,1,0,1,1.0,1,32,3204.65,4353.07,1
6351,1,1,1,0.0,3,57,5611.7,7456.79,0
2990,1,0,0,0.0,1,28,2602.9,3657.38,1
6250,12,0,0,0.0,3,59,3645.5,4217.8,0
4521,12,0,0,0.0,3,54,2966.95,2966.95,0
4741,1,0,0,1.0,3,20,1683.7,1911.5,0
4509,1,0,0,0.0,3,26,2006.1,2505.56,0
2580,1,0,0,0.0,5,2,96.8,96.8,0
4843,24,1,0,0.0,4,12,262.05,858.45,0
5137,12,1,0,0.0,4,37,677.05,2264.0,0
4845,12,0,0,1.0,5,66,1359.5,4331.48,0
4686,12,1,0,1.0,5,38,749.35,2422.86,0
4658,24,0,1,0.0,3,72,5016.65,8080.25,0
2843,1,1,0,0.0,3,2,35.85,95.47,1
4751,1,0,1,0.0,4,44,4063.0,6039.48,0
5611,24,1,1,0.0,4,72,1857.85,4422.49,0
3208,1,0,0,1.0,2,1,69.95,102.45,1
3235,12,0,0,0.0,4,36,2680.15,3932.15,0
6432,12,0,1,1.0,3,58,5681.1,6011.12,0
5107,1,0,1,1.0,1,43,3365.85,5478.44,1
4157,1,0,0,1.0,3,8,574.5,842.82,0
3960,24,0,1,1.0,4,45,4200.25,4904.5,0
5005,1,0,0,0.0,1,24,1210.4,1555.76,1
6355,12,0,0,0.0,3,53,4871.45,7396.37,0
2037,12,0,0,0.0,3,28,2768.35,3533.87,0
2325,12,0,0,0.0,3,46,845.6,1062.72,0
4025,12,1,0,0.0,4,51,997.75,2916.88,0
4276,1,1,0,1.0,5,1,24.2,24.2,0
3063,1,0,0,0.0,5,1,74.3,113.85,0
4079,12,1,0,1.0,5,61,6449.15,9077.03,0
6460,1,0,0,0.0,4,58,5817.7,7879.6,0
2788,1,0,0,0.0,3,9,178.8,545.46,0
6332,24,1,1,1.0,3,65,7245.9,10184.55,0
3731,12,0,0,1.0,4,11,211.95,723.34,0
4025,24,0,0,1.0,3,44,4378.35,6532.15,0
4564,12,0,1,1.0,3,71,7854.15,11355.87,0
2158,1,1,0,0.0,3,8,139.75,484.15,0
6001,1,0,1,1.0,2,65,6941.2,7689.6,1
3606,1,0,0,0.0,3,32,3183.4,3990.12,1
2475,1,0,0,0.0,4,1,70.1,71.25,0
2843,1,0,0,0.0,2,1,69.35,91.38,1
4929,1,1,0,1.0,3,4,94.5,217.66,0
4811,1,0,1,1.0,2,39,3994.45,5349.31,1
3111,1,1,1,1.0,3,45,3541.1,4000.55,0
4580,12,0,1,0.0,2,23,1067.15,1200.55,1
3272,1,0,0,0.0,3,4,208.45,360.49,0
2858,12,0,0,1.0,4,35,754.0,2224.7,0
5825,24,0,1,1.0,4,66,5714.25,6124.77,0
5461,24,1,0,1.0,5,48,883.35,1519.83,0
4422,12,0,0,0.0,5,37,785.75,2057.44,0
4041,1,0,1,1.0,5,12,1057.55,1544.31,0
3401,1,0,1,0.0,2,5,412.1,427.9,1
2601,24,0,1,0.0,5,40,973.95,2072.75,0
2482,1,0,0,0.0,3,6,335.65,354.61,0
3161,1,0,0,0.0,1,22,1907.85,2304.07,1
4417,1,0,1,1.0,1,4,385.9,424.14,1
2874,12,0,0,0.0,5,7,150.0,297.63,0
4948,24,0,1,0.0,3,69,7467.55,9082.15,0
3836,12,0,0,0.0,4,32,587.7,1416.18,0
5301,1,0,0,0.0,3,4,292.8,440.52,1
4676,1,0,0,0.0,5,4,73.05,254.53,0
4818,1,0,1,0.0,4,27,1611.65,2528.03,0
3337,1,1,0,1.0,4,16,1522.7,1959.02,0
5071,1,0,0,0.0,1,8,679.3,970.42,1
6347,24,0,1,1.0,3,72,8164.1,8348.42,0
4884,1,0,0,1.0,2,2,80.55,140.93,1
4415,12,1,1,1.0,3,52,4976.15,5400.47,0
6166,12,0,1,0.0,3,58,5610.15,6994.64,0
3787,1,0,1,0.0,3,5,500.1,695.75,0
3591,1,0,0,1.0,2,4,340.85,477.33,1
3260,1,1,1,0.0,3,5,316.9,403.75,0
5396,1,0,1,0.0,5,4,302.35,396.35,0
4201,24,0,0,0.0,4,68,1424.9,4716.78,0
6357,24,1,0,1.0,4,56,4084.35,4556.43,0
4551,1,1,1,0.0,4,70,6669.05,8935.65,0
5514,24,0,1,0.0,5,72,1872.2,4460.63,0
4662,1,0,0,1.0,3,2,80.35,149.73,1
2643,1,0,1,0.0,5,18,1387.0,1465.84,0
4392,24,1,1,0.0,4,63,1574.5,3396.46,0
5040,24,0,0,0.0,4,58,3795.45,5504.71,0
5903,24,0,1,0.0,3,35,4025.5,4727.95,0
4552,24,0,1,1.0,5,72,5784.3,7369.02,0
4708,24,0,1,0.0,3,72,7853.7,8595.54,0
2247,12,0,0,1.0,3,8,145.0,514.04,1
3887,1,0,1,0.0,1,7,582.5,760.77,1
4639,1,0,1,1.0,2,35,2576.2,4272.65,1
4389,1,0,1,1.0,4,7,404.35,687.29,0
4616,1,0,0,1.0,1,15,1074.3,1510.95,1
2484,1,0,0,0.0,3,2,31.55,87.59,1
5098,12,0,0,0.0,3,40,4062.2,4852.6,1
5089,1,0,1,0.0,3,65,6812.95,9490.95,0
4680,1,1,0,0.0,3,13,559.2,692.05,0
5654,1,0,0,0.0,2,30,2755.35,3657.15,1
4858,24,1,1,1.0,3,70,4858.7,6445.6,0
3861,1,0,0,1.0,1,13,1169.35,1188.46,1
6421,12,0,1,0.0,3,65,5844.65,8336.1,0
3848,1,0,0,1.0,5,25,536.35,977.35,0
5457,1,1,1,0.0,3,51,4539.35,5928.08,0
3273,1,0,0,0.0,2,1,69.5,190.7,1
5730,24,1,0,0.0,4,72,7726.35,8767.47,0
6492,12,1,1,1.0,3,51,5000.05,5939.47,0
5878,24,0,1,0.0,3,65,6416.7,7274.7,0
6263,24,1,1,0.0,5,65,1715.1,4087.6,0
4323,1,0,0,0.0,3,10,629.55,713.05,0
3923,1,0,0,0.0,5,1,29.15,29.15,0
3937,24,1,0,0.0,5,23,2130.55,2177.24,0
4590,24,1,0,0.0,4,53,3729.6,5409.17,0
4343,24,1,0,0.0,4,32,2316.85,2936.51,0
5750,1,0,1,0.0,1,11,1145.35,1232.14,1
2159,1,0,0,1.0,4,25,532.1,682.1,0
6490,24,0,1,1.0,4,58,1513.6,1651.64,0
4167,1,0,0,1.0,2,1,46.2,94.78,1
2195,1,0,1,0.0,1,25,2387.75,3293.75,1
3464,1,0,0,0.0,1,3,267.4,289.54,1
2915,1,0,0,0.0,1,1,30.2,30.2,1
5120,24,0,1,1.0,3,72,5468.45,8688.29,0
2053,1,0,0,1.0,3,44,2958.95,3033.75,0
3610,1,0,0,1.0,3,3,101.1,101.1,0
5985,1,0,1,1.0,3,13,1313.25,2010.84,0
4183,24,0,1,0.0,3,61,6428.4,8943.43,1
4309,24,0,0,1.0,5,65,1218.65,4124.15,0
2884,24,0,0,1.0,4,13,243.65,487.14,0
3983,1,0,0,1.0,1,9,663.05,720.2,1
4648,1,1,0,1.0,3,3,248.4,348.3,0
2796,1,0,0,0.0,1,29,712.85,712.85,1
5011,12,1,1,0.0,3,55,4213.9,6056.4,0
5921,12,1,0,1.0,3,48,4977.2,6713.84,0
3147,1,1,0,0.0,3,4,217.1,395.66,0
4171,24,0,0,0.0,3,72,5480.25,8515.77,0
5447,24,0,1,0.0,5,51,1281.25,2325.22,0
4107,24,1,0,0.0,5,29,1025.15,1000.08,0
5626,24,1,0,0.0,4,67,1411.9,2002.84,0
4301,12,1,1,1.0,3,49,4917.9,5702.88,0
4855,1,0,1,0.0,4,25,1837.9,2539.15,0
5626,1,0,0,1.0,5,1,19.3,35.66,0
4474,24,0,1,1.0,5,72,7774.05,9708.69,0
4708,1,0,1,0.0,1,4,347.65,397.5,1
6090,24,1,1,1.0,3,61,7008.15,8228.76,0
4406,24,1,0,1.0,3,9,197.4,221.52,0
4274,12,0,1,1.0,2,50,5610.7,7082.2,1
5611,24,0,1,0.0,5,6,457.1,588.32,0
5491,1,0,0,0.0,5,71,3765.05,3805.05,0
4630,1,0,0,0.0,2,5,305.95,305.95,1
4981,1,0,1,0.0,1,15,1345.55,2024.3,1
2270,1,0,1,0.0,2,3,216.75,261.81,1
4315,24,1,1,0.0,5,3,121.25,222.86,0
4198,1,0,1,0.0,3,31,2697.4,3732.18,1
2139,1,0,0,1.0,1,1,78.45,96.82,1
2483,1,0,0,1.0,5,15,340.85,938.45,0
3135,1,1,0,0.0,5,8,401.5,686.38,0
5004,24,0,1,1.0,4,70,7349.35,10103.15,0
2463,1,0,0,0.0,4,7,533.6,545.29,0
2997,12,0,1,0.0,3,38,914.4,2633.63,0
4120,24,1,0,0.0,4,64,3845.45,3845.45,0
5656,1,0,1,0.0,1,6,521.3,528.2,1
3438,1,0,0,1.0,2,1,50.15,89.93,1
2245,1,0,0,1.0,3,2,105.6,116.54,0
4345,1,0,0,0.0,5,4,73.45,106.97,0
2538,1,0,1,1.0,1,12,1238.45,1431.29,1
3288,24,0,0,1.0,3,6,106.8,118.98,0
2251,1,0,0,1.0,3,19,1424.5,1588.51,1
4337,12,0,1,1.0,3,54,6431.05,8791.39,0
5396,1,0,0,0.0,1,42,3384.0,4812.84,1
3125,1,0,0,0.0,1,5,223.45,223.45,1
2722,24,0,0,1.0,3,15,331.6,923.95,0
2876,1,0,0,0.0,4,13,357.15,357.15,0
5689,12,0,0,1.0,3,26,2274.1,3466.44,0
3037,12,0,1,1.0,3,44,1110.5,1785.02,0
2335,12,0,1,0.0,4,32,3416.85,3871.57,0
2901,1,0,0,1.0,2,1,69.75,97.72,1
4883,1,0,0,0.0,4,9,150.35,544.82,0
5239,1,0,0,0.0,1,12,1062.1,1368.58,1
2887,1,0,1,1.0,1,8,627.4,838.68,1
5119,24,0,1,0.0,5,46,4854.3,4946.3,0
5975,24,1,0,1.0,5,63,1209.25,4163.95,0
3559,24,1,0,0.0,3,16,1114.85,1436.77,0
5685,12,0,1,1.0,4,4,97.5,122.94,0
4306,12,1,1,1.0,4,62,6840.95,7662.45,0
4803,1,0,1,0.0,1,56,5688.05,7711.41,1
5692,1,0,0,0.0,1,16,679.85,679.85,1
2053,1,1,0,1.0,4,1,19.25,44.35,0
6205,24,0,1,1.0,3,72,8443.7,11795.78,0
5393,1,0,1,1.0,3,38,3691.2,3946.18,0
5428,12,0,1,1.0,3,63,5243.05,6227.11,0
6424,24,0,1,1.0,4,70,7939.25,9151.65,0
4412,1,1,0,0.0,4,44,2549.1,4726.86,0
4277,1,0,0,1.0,5,20,347.65,1024.85,0
5538,24,0,1,1.0,5,64,1584.8,2020.64,0
2127,1,0,0,1.0,3,42,869.9,1119.8,0
2483,1,0,0,0.0,4,5,95.55,206.35,0
2161,1,1,0,0.0,3,36,1815.0,2525.28,0
4319,24,0,1,0.0,4,72,7898.45,9895.73,0
4499,12,0,1,0.0,5,52,5621.85,7154.33,0
4927,12,1,1,0.0,3,72,7537.5,10502.46,0
5150,24,0,1,0.0,4,70,6367.2,8544.3,0
3273,1,0,0,1.0,1,2,167.3,195.58,1
5682,24,0,1,0.0,4,64,6823.4,9371.25,0
3097,1,1,0,0.0,3,7,350.35,529.83,0
3929,1,0,0,1.0,5,1,35.9,35.9,0
2268,1,0,0,0.0,1,4,442.85,493.57,1
5413,1,0,0,1.0,3,8,658.1,823.46,0
5593,1,0,0,0.0,2,1,79.55,83.59,1
3358,1,0,0,0.0,4,1,69.9,89.26,0
4631,1,1,0,1.0,3,30,1923.5,2417.9,0
5614,1,1,0,1.0,3,8,482.25,792.49,0
4448,1,0,1,0.0,2,37,3580.3,3702.4,1
2706,24,0,0,1.0,5,6,493.4,631.1,0
4750,1,0,1,0.0,1,1,74.25,96.05,1
3586,1,0,0,0.0,3,1,20.2,62.35,0
6409,12,0,0,1.0,3,58,5720.95,7615.81,0
4175,24,0,1,1.0,4,68,7990.05,8039.2,0
6302,24,0,1,1.0,4,72,7104.2,9897.08,0
4698,24,1,0,1.0,4,23,478.75,1389.32,0
6212,1,0,1,1.0,3,52,5025.8,6545.76,0
2041,1,0,1,0.0,2,1,49.95,93.44,1
2624,1,0,0,0.0,5,4,226.2,238.32,0
5922,12,0,0,0.0,2,22,1498.2,2219.51,1
4958,12,0,1,1.0,5,66,6130.95,6904.47,0
4777,12,1,1,0.0,4,71,6028.95,8293.14,0
5573,24,1,0,1.0,4,4,68.8,185.16,0
5172,1,0,1,0.0,1,27,2287.25,3128.84,1
4063,24,0,0,0.0,4,48,3771.5,3943.82,0
4491,1,1,1,0.0,3,57,3687.85,3775.63,0
3910,12,0,0,0.0,5,44,2265.0,2265.0,0
4955,24,0,1,1.0,3,71,7993.3,10009.7,0
2303,1,0,0,0.0,4,5,92.75,251.65,0
4074,1,0,1,0.0,2,11,997.65,1037.47,1
3186,24,1,0,0.0,4,14,815.55,985.91,0
5926,1,0,0,0.0,4,60,6236.75,7609.55,0
4690,12,0,0,0.0,4,24,527.35,670.87,0
4429,12,0,1,0.0,5,57,4925.35,7014.97,0
4776,12,0,1,1.0,3,63,6137.0,6664.94,1
5774,1,0,0,0.0,2,1,45.3,103.67,1
3620,1,0,0,1.0,3,2,77.15,77.15,1
3756,12,0,1,0.0,5,42,949.85,2110.73,0
3351,1,0,0,1.0,3,1,19.9,56.53,1
4356,1,0,0,0.0,1,5,454.15,662.0,1
5613,24,0,1,0.0,5,72,1776.45,4511.01,0
3260,24,0,0,1.0,5,8,146.6,283.32,0
2653,24,0,0,1.0,3,46,1755.35,1755.35,0
6019,24,1,1,0.0,5,50,1261.45,2376.45,0
4455,12,0,1,0.0,4,58,1497.9,3602.78,0
5582,24,0,1,1.0,3,70,6858.9,10025.7,0
5264,1,0,1,0.0,1,15,1444.65,2178.6,1
3044,12,1,0,0.0,3,33,1113.95,1113.95,0
5461,24,1,1,0.0,4,51,1222.25,2081.6,0
4073,1,0,1,1.0,5,65,6578.55,7136.9,0
4466,1,0,1,0.0,3,18,1199.4,1419.18,0
5112,12,0,0,0.0,3,66,1983.15,1983.15,0
2252,12,0,0,1.0,3,13,253.8,349.09,0
5415,1,0,1,0.0,3,15,1242.2,1449.2,0
5968,1,1,0,0.0,4,18,1601.5,2106.22,0
2187,24,0,0,0.0,3,38,2193.2,2193.2,0
5977,1,0,0,1.0,3,17,646.05,646.05,0
4931,24,0,1,1.0,3,25,692.1,1185.85,1
4617,24,1,1,1.0,3,59,5194.05,7970.0,0
3937,1,0,0,1.0,3,5,412.5,602.45,1
5137,1,0,1,0.0,5,18,1411.65,2109.87,0
5328,24,0,0,0.0,4,71,4973.4,5145.93,0
5144,24,1,0,0.0,3,47,3007.25,4500.07,0
5026,1,0,0,0.0,1,4,325.45,519.37,1
5741,12,0,1,1.0,4,45,1216.6,2228.65,0
6363,1,0,1,0.0,1,69,6143.15,7373.82,1
6358,1,0,1,1.0,5,65,5931.0,7330.6,0
5980,24,1,0,1.0,5,26,2715.3,2779.78,0
3039,1,0,0,0.0,1,2,165.0,222.72,1
4670,12,1,0,1.0,5,53,1007.9,2614.33,0
5838,24,0,1,0.0,5,57,5913.95,7833.1,0
4695,12,0,0,1.0,3,18,411.25,436.81,0
2225,12,0,0,0.0,4,34,2106.3,2525.52,0
2283,1,0,0,0.0,2,5,465.05,511.2,1
2220,1,0,1,1.0,1,4,338.1,454.54,1
4865,24,0,0,1.0,3,52,2555.05,2555.05,0
6153,12,0,1,0.0,5,65,6153.85,8033.05,0
2325,1,0,1,1.0,4,12,1021.75,1422.07,0
5058,12,1,0,0.0,4,56,4793.8,5436.68,0
3820,1,0,0,1.0,2,1,20.5,46.62,1
4040,12,0,1,0.0,4,60,6339.45,7675.22,0
5806,1,1,1,0.0,1,12,927.35,1311.43,1
4496,24,0,1,1.0,4,3,335.75,449.09,0
5338,1,0,1,1.0,1,23,2186.4,2628.0,1
6051,24,0,1,1.0,3,72,8331.95,8735.15,0
4035,24,0,0,0.0,3,72,1304.8,1492.72,0
4852,1,0,0,0.0,5,3,68.35,175.12,0
2973,1,0,0,1.0,4,9,359.4,379.4,0
3424,1,0,1,1.0,3,1,90.85,99.41,1
2042,1,1,0,1.0,5,39,3107.3,4693.82,0
4612,12,0,0,1.0,3,14,641.25,1270.55,0
5895,12,1,1,0.0,5,51,1216.35,3386.4,0
4996,1,0,0,1.0,4,12,265.45,732.97,0
4911,1,0,0,1.0,5,18,1247.75,1447.43,0
5323,12,0,0,0.0,3,40,1382.9,1512.9,0
3194,1,0,1,1.0,3,37,3369.25,3871.28,0
4887,12,0,1,0.0,3,69,7610.1,8182.8,0
4106,1,1,0,1.0,3,48,2108.35,2108.35,0
3826,1,0,0,0.0,5,43,3954.1,5095.75,0
3042,1,0,0,1.0,2,1,69.55,118.98,1
6452,24,1,1,1.0,4,71,6263.8,6981.61,0
3903,1,0,0,1.0,4,10,492.1,627.2,0
3259,1,0,1,1.0,5,41,3645.75,5359.39,0
6032,1,1,1,1.0,4,51,4116.9,5624.46,0
3885,1,0,0,0.0,3,40,2586.0,3048.4,0
3849,12,0,1,0.0,2,39,3474.45,4851.93,1
5265,24,1,1,0.0,3,70,4891.5,6154.0,0
3313,12,0,0,1.0,5,47,1013.05,2998.8,0
3475,1,0,0,1.0,4,9,811.65,951.42,0
5515,24,0,1,1.0,4,72,6052.25,7215.05,0
2399,12,0,0,0.0,5,20,1259.35,1438.95,0
5974,24,0,0,0.0,3,61,1278.8,1940.99,0
3283,12,0,0,0.0,3,18,865.75,1606.09,0
5691,1,0,1,0.0,4,21,2025.1,2810.5,0
4424,1,0,1,1.0,1,37,3744.05,5152.27,1
5491,1,1,0,1.0,3,47,2654.05,3840.8,0
3010,1,0,0,1.0,4,3,56.0,75.83,0
2166,12,0,0,1.0,3,31,1580.1,1580.1,0
3394,1,1,0,0.0,2,1,79.9,103.1,1
5353,12,0,1,1.0,2,21,1625.0,2055.58,1
6499,24,0,1,1.0,3,69,5897.4,7171.83,0
3403,24,0,1,1.0,4,22,566.5,671.88,0
4551,24,0,1,0.0,3,72,7878.3,10406.22,0
2174,1,0,0,1.0,3,30,2365.15,2552.05,1
5111,1,0,1,1.0,3,36,3474.2,4935.08,0
2673,24,0,0,1.0,4,42,2032.3,2032.3,0
5409,12,1,0,1.0,3,50,2208.05,2208.05,0
3924,1,0,0,0.0,4,37,805.2,2477.23,0
5354,1,0,1,1.0,4,4,399.25,441.01,0
3178,1,0,0,0.0,3,1,49.05,74.82,0
5610,24,0,0,1.0,3,16,1043.3,1409.7,0
4375,24,0,0,1.0,4,59,1057.85,2650.26,0
4933,1,0,1,0.0,4,38,2522.4,3287.72,0
4648,1,1,0,1.0,4,3,157.55,257.39,0
5937,24,0,0,1.0,3,45,3618.7,5301.25,0
5302,1,1,1,1.0,3,8,633.3,1024.1,1
5345,24,0,0,0.0,3,69,5878.9,9216.43,0
5534,24,0,1,1.0,4,72,1914.5,3514.34,0
6469,24,0,0,0.0,5,63,1298.7,2342.61,0
3553,12,0,1,0.0,2,32,2781.85,4070.17,1
4322,12,0,1,1.0,4,50,2614.1,3130.6,0
4553,1,0,1,0.0,3,11,1133.65,1323.4,1
5842,1,0,0,1.0,5,19,839.65,1495.34,0
4361,24,0,1,0.0,4,71,7984.15,10960.47,0
4372,1,0,0,1.0,5,2,84.4,178.2,0
2237,12,0,0,0.0,3,8,447.75,789.99,0
5340,24,0,0,1.0,3,51,4089.45,6146.79,0
5905,12,0,0,1.0,3,67,3321.35,3321.35,0
5422,24,0,0,1.0,3,21,435.25,902.03,0
4710,1,0,0,0.0,2,1,20.05,32.05,1
5826,12,0,1,1.0,4,65,1600.95,4582.5,0
3945,12,0,1,0.0,5,32,2633.3,3832.66,0
6015,24,0,1,1.0,4,61,1538.6,2241.93,0
5678,12,0,0,0.0,3,41,806.95,2342.81,0
6194,12,1,1,1.0,3,67,6038.55,7230.22,0
2077,1,0,0,0.0,3,1,50.5,90.08,1
4436,1,0,0,1.0,5,39,1494.5,1494.5,0
5201,1,0,1,1.0,3,33,1665.2,1860.23,0
5243,24,1,1,0.0,5,56,1468.9,3096.26,0
4121,1,0,1,0.0,3,42,3930.6,4891.98,0
3772,1,0,0,1.0,4,9,238.15,551.26,0
4151,24,0,0,1.0,4,71,4145.25,4145.25,0
2102,1,0,0,0.0,3,20,2203.7,2524.7,0
5404,12,0,0,0.0,3,51,3077.0,3077.0,0
4595,24,0,1,1.0,3,63,4861.45,5669.11,0
2121,1,0,0,0.0,3,1,24.45,24.45,1
5341,24,1,1,0.0,4,72,6463.15,9675.07,0
5432,24,1,0,1.0,4,52,1070.5,1247.82,0
3303,24,1,0,1.0,3,24,1208.15,1208.15,0
3068,1,0,0,0.0,1,24,2122.45,2716.69,1
4900,24,0,1,1.0,5,61,1417.9,2643.39,0
6312,24,0,0,1.0,4,65,1292.6,2467.15,0
5187,1,0,0,1.0,4,51,3649.6,6093.36,0
4270,1,0,0,0.0,4,1,20.3,31.14,0
3181,1,1,1,0.0,5,5,132.25,165.75,0
3322,12,0,0,0.0,2,46,4822.85,6802.69,1
5775,1,0,1,1.0,5,63,7002.95,8200.58,0
2562,1,0,1,0.0,5,3,209.9,337.94,0
5730,1,0,0,0.0,3,1,71.35,106.63,1
5652,1,0,0,1.0,4,23,470.2,791.74,0
4277,12,0,1,1.0,5,54,3886.05,6339.27,0
3975,1,0,1,0.0,3,12,1046.1,1311.71,1
4047,12,0,0,0.0,3,11,233.9,255.02,0
3915,24,0,0,0.0,5,40,804.85,1139.25,0
4132,12,1,0,0.0,5,51,2898.95,2898.95,0
2004,1,1,1,0.0,5,40,3915.4,5092.2,0
4699,1,1,0,1.0,5,7,333.65,534.55,0
2934,1,0,1,0.0,2,26,1834.95,2290.73,1
3995,1,0,1,1.0,4,22,1253.5,1974.0,0
5319,12,0,1,1.0,3,36,3886.45,4909.21,0
4494,1,0,0,0.0,1,4,281.0,515.48,1
4121,1,0,1,0.0,3,51,4085.75,6285.18,0
4785,1,1,1,1.0,4,7,349.8,413.5,0
4713,12,0,0,1.0,4,18,369.6,1045.14,0
4116,1,0,0,0.0,1,1,73.0,93.55,1
4713,1,0,0,1.0,2,6,288.05,419.51,1
4306,24,0,0,0.0,3,49,2398.4,2480.23,0
3545,1,0,0,0.0,3,4,238.5,309.3,0
2987,1,0,0,1.0,2,3,99.75,99.75,1
5391,12,0,1,1.0,4,45,4735.35,6270.75,0
4096,1,0,0,0.0,5,3,244.45,319.75,0
6087,24,1,1,1.0,4,65,7337.55,8198.8,0
2305,1,0,0,1.0,3,25,541.5,875.5,0
5964,12,1,0,0.0,3,35,2016.45,2456.05,0
3972,12,0,0,0.0,4,41,865.0,1089.23,0
2781,1,0,1,0.0,4,23,1968.1,2374.95,0
5393,1,0,0,1.0,5,34,2874.45,3882.89,0
5558,1,0,1,0.0,5,18,1074.65,1097.69,0
2189,1,0,1,1.0,2,13,999.45,1077.84,1
4079,1,0,0,1.0,4,2,38.15,107.29,0
4427,1,0,0,1.0,5,1,44.3,87.25,0
2584,1,1,0,1.0,3,3,225.65,300.77,0
5974,1,0,1,1.0,1,32,2596.15,2643.83,1
2951,1,1,0,0.0,4,4,82.9,197.1,0
3648,1,1,1,1.0,3,33,2888.7,3252.03,0
4109,1,0,1,1.0,3,5,474.8,647.25,1
4400,1,0,0,1.0,5,14,1112.3,1135.96,0
5368,1,0,0,0.0,3,1,20.05,23.28,0
3192,1,0,1,1.0,3,24,2322.85,3162.93,0
5548,24,0,0,0.0,4,54,1031.1,2323.86,0
2176,24,0,0,0.0,4,27,470.0,1756.55,0
5518,12,1,0,0.0,5,6,105.5,285.56,0
5362,1,0,1,0.0,3,31,3186.65,4406.81,1
4559,12,1,0,0.0,4,58,4300.8,6351.1,0
3478,1,0,0,0.0,1,2,89.5,140.48,1
2968,1,0,0,0.0,5,1,20.4,38.21,0
3307,1,1,0,0.0,5,5,235.2,302.9,0
2291,1,0,1,0.0,3,11,837.95,1009.55,1
5247,12,0,0,0.0,3,71,5012.1,5817.95,0
5255,12,0,0,1.0,4,35,2215.45,3074.0,0
3824,1,1,0,0.0,4,4,156.1,156.1,0
2044,1,0,1,1.0,1,11,825.7,1063.08,1
2716,1,0,0,0.0,4,1,19.2,45.57,0
2627,1,0,0,1.0,3,1,84.8,122.63,1
3835,12,0,0,1.0,4,23,1347.15,1379.12,0
4640,12,0,1,1.0,3,51,5498.8,7138.2,0
6030,24,0,1,0.0,4,72,7982.5,11311.06,0
5584,1,1,0,0.0,5,44,780.25,963.73,0
5806,12,0,1,0.0,3,52,3877.65,4989.41,0
5141,24,0,1,1.0,4,69,7895.15,10188.02,0
2574,12,0,0,0.0,3,20,1818.3,2469.1,0
5365,1,0,0,0.0,1,32,2483.05,2549.61,1
4535,1,0,0,1.0,2,25,2015.35,2685.6,1
2667,1,0,0,0.0,3,2,84.5,184.12,1
3555,1,0,0,0.0,1,1,79.05,110.39,1
4311,24,0,1,0.0,4,72,6637.9,6850.3,0
4937,24,0,0,0.0,4,62,1123.65,2613.51,0
5613,24,0,1,0.0,5,72,1887.0,2792.76,0
4945,1,0,1,0.0,3,35,3161.2,4050.25,0
4891,1,0,0,0.0,5,15,1114.55,1565.9,0
2928,1,0,1,0.0,3,1,50.45,78.7,1
4369,1,1,0,1.0,5,1,33.6,83.6,0
3415,24,0,1,0.0,3,30,2093.9,2670.42,0
4424,1,0,0,0.0,3,1,80.8,122.57,1
5428,12,0,1,0.0,3,24,1346.9,2163.14,0
4508,1,0,1,0.0,1,59,6252.9,9202.19,1
2819,1,0,1,0.0,3,12,1200.15,1462.83,1
3013,1,0,0,1.0,3,9,547.8,795.57,0
2734,1,0,0,0.0,1,1,80.5,116.27,1
6099,1,1,0,1.0,3,52,4326.8,5988.72,0
5482,1,0,0,0.0,3,2,97.1,97.1,1
4208,1,0,0,1.0,5,24,1614.05,2671.49,0
4403,24,1,1,1.0,4,72,6614.9,8566.1,0
5856,24,0,1,1.0,3,72,5899.85,7103.69,0
3260,1,0,1,1.0,1,3,291.9,321.75,1
5417,1,1,0,1.0,3,13,254.5,467.7,0
4617,24,1,0,0.0,5,23,426.65,1209.57,0
4479,1,1,1,1.0,5,22,1615.1,1717.84,0
4034,1,0,0,0.0,5,19,710.05,820.05,0
5455,1,0,1,0.0,4,64,6953.4,7503.8,0
5651,12,0,0,1.0,1,7,331.3,584.28,1
4158,24,0,0,0.0,4,52,1107.2,2578.8,0
5915,1,0,1,1.0,1,16,1555.65,1859.49,1
5030,1,0,1,1.0,1,28,3152.5,3423.26,1
2698,24,0,0,0.0,4,39,3801.7,5281.36,0
5846,12,1,0,1.0,4,69,4134.7,5133.82,0
4667,1,0,0,0.0,3,1,49.9,64.83,0
5707,24,0,1,0.0,5,71,7555.0,8357.66,0
5954,24,1,0,1.0,3,68,5375.15,7012.59,0
2832,1,0,0,1.0,1,10,1048.85,1451.05,1
2654,12,0,1,1.0,3,40,2635.0,4319.0,0
4774,24,0,1,1.0,3,65,4805.65,6250.6,0
3118,12,0,0,1.0,3,33,2684.85,4080.42,0
3368,1,0,0,1.0,2,17,1149.65,1914.14,1
3380,12,0,0,0.0,3,30,2044.75,3017.05,0
4964,1,0,0,0.0,4,8,158.35,198.19,0
5034,24,0,1,1.0,2,68,7611.85,8617.57,1
4769,1,0,0,0.0,5,1,20.25,63.21,0
5469,24,0,1,1.0,4,38,4009.2,4143.89,0
4154,12,0,0,1.0,3,54,4484.05,6139.69,0
4758,24,0,0,1.0,4,58,1212.25,4055.41,0
4099,1,0,0,0.0,5,1,19.75,61.03,0
4408,24,0,1,0.0,4,70,5536.5,8291.0,0
5600,24,1,1,0.0,4,71,8175.9,9982.85,0
5629,1,0,0,0.0,3,2,33.6,67.0,0
2923,12,1,0,1.0,3,30,2538.05,3990.95,0
4694,1,0,0,0.0,3,6,489.45,561.27,1
4630,24,1,0,0.0,4,46,958.15,1541.43,0
2959,1,0,0,1.0,1,1,20.25,43.41,1
2133,12,0,0,0.0,5,11,422.6,422.6,0
4900,1,0,0,0.0,3,9,564.4,698.59,0
4801,12,0,0,1.0,3,58,1108.8,2728.74,0
4661,1,0,1,0.0,1,47,3969.35,4760.36,1
3113,1,1,0,0.0,2,1,49.9,89.5,1
5687,1,0,0,1.0,5,17,1612.2,2206.86,0
5463,24,0,0,1.0,1,55,3046.4,3590.4,1
6136,12,0,0,0.0,2,70,7534.65,10308.75,1
2867,12,0,0,1.0,5,46,2688.85,2782.23,0
5658,24,0,0,0.0,3,37,1316.9,1416.9,0
2110,1,0,1,1.0,1,13,1244.5,1465.76,1
2806,1,0,0,1.0,3,1,50.45,74.15,1
5306,24,1,0,1.0,3,25,486.05,600.3,0
5571,1,0,1,0.0,1,1,75.75,84.1,1
2630,24,1,0,1.0,5,40,808.95,1727.35,0
5247,1,0,1,0.0,3,32,2931.0,3992.8,1
2484,1,0,0,0.0,3,1,19.75,35.52,0
2315,12,0,0,0.0,5,25,970.4,1070.4,0
4498,1,0,0,1.0,1,13,734.35,982.0,1
5577,1,0,1,1.0,3,13,1029.35,1467.32,0
4999,24,0,1,0.0,3,72,6129.65,9542.45,0
4881,1,0,0,0.0,1,25,1767.35,2410.1,1
2836,24,1,0,0.0,5,10,220.8,407.0,0
4388,1,0,1,0.0,3,29,2516.2,2744.37,0
6132,24,0,1,0.0,3,69,6382.0,9825.79,0
6245,12,1,0,1.0,5,57,5535.8,7940.06,0
3955,1,0,0,0.0,2,4,201.0,201.0,1
2317,1,0,0,1.0,3,20,1641.3,2549.1,0
4963,1,0,1,0.0,1,41,4594.95,4800.36,1
5559,1,0,0,0.0,3,15,1219.85,1629.35,0
4093,24,0,0,1.0,3,70,4214.25,4214.25,0
4329,24,0,0,0.0,4,18,370.5,830.22,0
4703,1,0,1,0.0,2,12,1094.5,1502.62,1
2322,1,0,0,1.0,1,42,3229.4,3351.2,1
2429,1,0,0,1.0,3,22,2180.55,3273.07,0
3847,1,0,0,0.0,2,9,714.15,920.07,1
5974,24,0,1,0.0,3,72,6369.45,7155.69,0
4445,24,0,0,0.0,4,23,813.45,813.45,0
5269,12,1,0,0.0,3,48,2196.3,2196.3,0
4840,1,0,0,1.0,1,16,810.2,810.2,1
3353,24,1,0,1.0,3,5,106.9,252.65,0
2931,1,0,1,0.0,1,18,1597.25,2111.87,1
5066,1,0,0,1.0,1,1,69.95,97.53,1
4810,1,0,1,0.0,3,10,1021.55,1285.85,0
5919,1,1,0,0.0,4,8,170.9,537.86,0
6088,1,0,1,0.0,1,49,4872.45,7302.51,1
2793,1,1,1,1.0,2,37,2868.15,3102.36,1
2712,1,0,0,0.0,4,29,573.05,738.06,0
2157,12,0,0,0.0,5,41,2029.05,2538.27,0
5104,1,0,0,0.0,4,5,300.4,424.55,0
4179,1,0,0,0.0,2,1,69.15,71.35,1
4492,1,0,0,1.0,3,11,472.25,793.01,0
3882,12,0,0,0.0,3,12,444.75,444.75,0
4051,24,0,0,0.0,4,37,1593.1,1548.97,0
3509,12,0,0,1.0,3,22,1545.4,2644.96,0
5262,1,0,0,0.0,4,1,49.5,96.49,0
3666,1,0,0,0.0,3,1,19.75,57.37,0
5995,12,0,0,0.0,2,48,1604.5,1604.5,1
5907,24,1,1,1.0,4,56,4620.4,6070.8,0
5857,1,0,1,0.0,2,18,1836.25,2291.11,1
3326,1,0,1,0.0,3,18,1553.9,1993.1,1
3065,1,1,0,1.0,5,1,24.7,94.7,0
5748,24,1,0,1.0,5,70,1458.1,3647.26,0
4871,24,0,0,0.0,5,43,876.15,997.72,0
4015,1,0,0,1.0,3,5,100.2,100.2,0
5633,12,0,0,0.0,1,51,3014.65,3014.65,1
4119,1,0,0,1.0,3,39,2011.4,2011.4,1
3027,1,0,0,0.0,4,4,83.75,191.91,0
3389,1,1,0,0.0,3,1,21.05,31.19,0
4639,1,0,0,1.0,3,1,19.65,43.32,0
5017,1,0,0,0.0,3,9,827.45,1104.65,0
4952,12,1,1,0.0,5,51,4299.75,4744.57,0
5462,12,0,0,0.0,5,67,1343.4,2861.91,0
5953,1,0,1,0.0,3,16,1448.6,1639.96,1
4747,24,0,0,0.0,3,72,1423.65,4824.93,0
6092,1,0,0,1.0,4,54,3883.3,5374.78,0
5750,1,0,1,1.0,1,6,669.45,791.61,1
5668,24,1,1,0.0,4,68,1620.2,2908.98,0
3043,24,1,1,1.0,4,45,1138.8,2043.75,0
5162,24,0,0,0.0,3,55,3175.85,3851.25,0
4453,24,1,0,1.0,4,30,602.9,950.9,0
5540,12,0,1,0.0,3,63,5040.2,7183.46,0
4819,1,0,1,0.0,3,8,613.4,981.8,1
2384,1,0,0,0.0,1,2,181.1,244.04,1
4745,1,0,0,1.0,3,1,19.25,28.69,0
4292,1,0,0,1.0,1,7,451.1,564.35,1
3574,1,0,1,0.0,5,16,1129.35,1298.0,0
3585,12,0,0,1.0,4,32,927.65,927.65,0
4417,1,0,0,1.0,2,30,2555.9,2836.1,1
5954,12,1,1,1.0,5,52,5301.1,7630.18,0
5750,1,0,0,0.0,3,1,19.55,24.65,0
3262,24,0,0,1.0,3,48,4904.25,5818.17,0
5623,12,0,1,0.0,3,56,1431.65,3275.73,0
3860,24,0,1,0.0,3,39,4036.0,4427.17,0
6201,24,1,1,0.0,3,61,1445.2,3570.44,0
5735,12,0,1,0.0,4,55,4589.85,7056.6,0
5089,12,0,0,1.0,3,63,2298.9,2298.9,0
2899,1,0,0,0.0,1,8,551.35,665.67,1
2158,1,0,0,1.0,1,3,64.55,160.58,1
5346,1,1,1,0.0,4,2,188.1,198.7,0
4996,1,0,0,1.0,2,1,89.55,132.01,1
3359,1,0,1,0.0,5,40,2379.1,4310.7,0
5586,1,0,1,0.0,4,57,5925.75,7737.78,0
2939,1,0,0,1.0,1,8,777.3,1087.94,1
4509,1,0,0,0.0,1,11,791.75,1219.43,1
5422,12,0,0,1.0,1,40,1716.45,1716.45,1
4811,12,0,1,0.0,4,62,1446.8,3448.16,0
2341,1,0,1,0.0,1,38,4026.4,4751.44,1
3866,1,0,1,1.0,4,26,1800.05,2460.45,0
2578,12,0,0,1.0,3,6,567.8,616.16,0
5219,1,0,1,0.0,2,31,2995.45,4194.22,1
5170,12,0,1,0.0,2,56,5614.45,7178.85,1
5283,1,0,1,0.0,2,49,3678.3,4633.22,1
3258,1,0,0,1.0,3,40,2971.7,3714.5,0
5565,1,0,0,0.0,4,1,30.55,70.55,0
3378,1,0,1,0.0,1,46,4154.8,4880.68,1
4241,24,0,0,0.0,4,71,1372.45,4172.69,0
3416,24,1,1,1.0,4,18,454.65,998.61,0
2172,1,0,0,0.0,1,1,84.3,95.93,1
5269,1,0,1,0.0,1,45,3941.7,4143.3,1
4483,12,0,1,1.0,4,60,6176.6,9111.8,0
4519,1,0,0,0.0,3,19,865.85,1404.18,0
4099,1,0,0,0.0,3,3,161.45,306.35,0
4203,24,1,1,1.0,5,70,7869.05,10196.55,0
5940,12,0,0,1.0,5,53,3357.9,3613.36,0
4161,24,0,1,0.0,3,61,4932.5,6354.41,0
2776,1,1,0,1.0,5,4,155.35,295.71,0
4157,24,0,0,1.0,3,53,1110.05,2936.43,0
3319,1,0,0,0.0,3,3,238.1,236.76,0
5947,24,0,1,1.0,1,70,7723.9,8849.96,1
2146,1,0,0,1.0,3,1,70.55,88.75,1
4133,1,0,0,1.0,1,1,70.25,93.25,1
5838,1,0,0,0.0,3,1,48.45,64.87,0
4815,1,0,0,1.0,4,25,1952.25,2344.21,0
4673,1,0,0,0.0,1,43,3198.6,4660.6,1
4855,1,0,1,0.0,3,5,134.75,161.8,0
5082,1,0,0,1.0,1,17,1496.9,2013.19,1
2016,24,0,0,1.0,5,13,265.75,397.18,0
2845,1,0,0,0.0,3,7,438.9,549.78,0
5077,12,1,1,0.0,5,13,343.6,976.7,0
4396,1,0,0,1.0,3,33,2576.8,3158.59,0
2235,1,0,1,0.0,3,24,1559.45,1750.06,0
5983,1,0,0,0.0,3,10,887.35,1371.15,0
2452,1,1,1,1.0,3,14,1203.9,1576.02,0
4483,24,0,0,0.0,3,70,3442.8,3442.8,0
5322,1,1,1,0.0,5,45,4456.65,5460.6,0
5499,1,1,0,0.0,3,38,2076.05,3834.31,0
4538,24,0,0,1.0,3,63,1237.65,2332.59,0
3000,1,1,0,0.0,3,2,42.9,141.96,0
5278,24,0,0,0.0,3,68,2719.2,2719.2,0
5813,24,0,1,0.0,4,66,5965.95,6842.43,0
4151,24,1,1,0.0,4,61,4976.15,6986.71,0
4456,1,0,1,0.0,4,5,424.75,667.2,0
5009,1,0,0,1.0,3,18,1745.5,2271.58,0
5077,24,0,0,1.0,4,54,3871.85,5393.03,0
5543,1,0,1,1.0,1,53,5029.2,6684.92,1
3598,1,0,0,0.0,3,10,846.0,1117.0,1
5502,1,0,1,1.0,1,55,4874.7,7319.8,1
2777,1,0,1,1.0,2,4,364.55,467.71,1
5745,1,1,0,1.0,3,2,184.15,262.85,0
2450,12,0,0,0.0,3,27,1927.3,2909.83,0
4921,12,0,1,0.0,4,71,7382.85,7815.95,0
3904,24,0,1,0.0,5,24,553.0,1192.36,0
3136,1,0,1,0.0,4,28,734.6,1450.56,0
2520,1,0,0,0.0,4,40,2647.1,4126.3,0
2577,1,0,1,1.0,4,15,720.1,1118.2,0
6380,24,0,1,1.0,3,72,7334.05,10335.01,0
4582,12,0,1,0.0,5,66,7076.35,8514.49,0
4864,1,0,0,0.0,4,1,44.6,89.88,0
3183,24,0,0,0.0,4,37,2313.8,3735.71,0
2679,1,0,1,0.0,1,7,520.0,786.49,1
5636,24,1,0,0.0,4,35,730.4,1269.75,0
5036,24,0,0,0.0,3,68,4741.45,5553.37,0
5192,1,1,0,1.0,4,18,1500.5,1935.38,0
4057,24,1,0,1.0,4,51,1028.75,1770.29,0
5339,1,0,0,1.0,1,3,246.5,343.79,1
3571,1,1,1,0.0,5,38,3141.7,3189.96,0
5487,1,0,0,0.0,4,3,207.4,314.31,0
5681,12,0,0,0.0,3,69,2134.3,2134.3,0
5329,1,1,0,0.0,5,22,1232.9,1846.92,0
5867,1,0,0,0.0,3,3,72.0,107.31,0
6347,24,0,0,0.0,1,64,3147.5,3147.5,1
4073,24,0,1,0.0,4,63,5034.05,5668.46,0
5497,24,1,0,0.0,4,71,1378.45,2180.75,0
4651,1,1,0,1.0,4,8,411.75,452.47,0
2583,1,0,1,0.0,2,33,2716.3,3987.79,1
4673,12,0,1,0.0,5,51,3974.7,5228.89,0
5446,12,0,1,0.0,3,51,5680.9,6050.68,0
4557,24,0,0,0.0,5,64,1277.75,3597.11,0
3899,24,1,0,1.0,4,8,165.5,188.46,0
3041,1,0,1,0.0,2,36,3132.75,4016.19,1
3502,1,0,1,0.0,3,14,1273.3,1799.98,0
4254,24,0,0,0.0,4,10,720.45,971.75,0
4340,24,0,1,1.0,3,60,5294.6,6785.4,0
5829,24,1,0,0.0,4,47,890.5,1010.82,0
2276,1,1,0,1.0,3,19,414.95,504.25,0
6305,24,0,1,0.0,5,71,1898.1,4672.78,0
3571,1,0,0,0.0,3,1,45.7,56.11,1
2093,12,0,0,0.0,4,17,323.15,758.69,0
4861,24,0,1,0.0,3,66,6471.85,7161.55,0
5183,24,0,1,0.0,3,67,1790.35,2864.53,0
3516,1,0,1,0.0,3,14,979.5,1289.46,0
2649,1,1,0,0.0,3,32,1864.65,3357.77,0
2662,1,0,0,1.0,4,3,154.55,167.12,0
4763,24,0,1,1.0,3,60,6017.9,6791.9,0
5470,1,0,1,1.0,3,45,4192.15,4814.05,0
4596,12,0,1,0.0,3,54,3715.65,5989.05,1
4001,1,0,1,0.0,1,10,1060.2,1512.3,1
5451,1,0,0,1.0,3,26,1233.15,1988.97,0
3491,1,0,0,1.0,1,1,20.05,39.92,1
3624,1,1,0,1.0,3,16,1195.75,1836.23,0
4732,1,1,0,1.0,5,22,1790.65,2526.77,0
2823,12,0,0,1.0,4,13,259.65,809.76,0
6158,24,1,1,0.0,3,72,8306.05,9900.53,0
4879,1,1,0,0.0,5,58,5305.05,8071.07,0
6221,24,1,0,0.0,3,68,5607.75,6164.79,0
5471,24,1,1,1.0,5,71,1663.5,3751.61,0
5654,1,0,1,1.0,1,1,60.1,83.73,1
2515,1,0,0,1.0,4,2,38.45,38.45,0
4363,1,1,0,1.0,4,32,674.55,1796.15,0
2274,1,0,0,1.0,3,2,157.75,171.23,0
5174,1,0,0,0.0,1,17,1400.85,1683.22,1
3146,1,0,0,1.0,1,2,62.25,62.25,1
3606,24,0,0,0.0,3,12,381.2,342.22,0
4062,1,0,1,1.0,2,3,256.6,389.62,1
2564,24,0,0,1.0,3,14,1181.75,1254.13,0
3129,1,0,0,0.0,5,1,19.8,31.76,0
2562,1,1,0,1.0,4,12,432.25,432.25,0
2119,1,0,0,0.0,3,1,79.65,102.13,1
2099,1,0,1,1.0,3,15,1146.65,1842.35,1
5268,24,0,1,0.0,5,69,7240.65,8304.26,0
5983,24,0,1,0.0,3,30,2595.85,2717.05,0
3094,1,1,1,0.0,4,30,3242.5,3979.3,0
4384,24,0,1,1.0,3,71,4681.75,7561.78,0
5060,1,1,0,1.0,3,6,119.3,158.18,0
2064,12,0,0,1.0,4,5,302.6,329.7,0
4347,24,1,0,0.0,5,26,515.75,1655.59,0
6391,24,1,1,0.0,4,68,7508.55,8761.11,0
4078,12,0,1,1.0,4,40,4228.55,5116.55,0
5617,24,1,1,0.0,5,66,1672.35,4216.65,0
4430,1,1,0,1.0,5,3,58.3,73.75,0
5180,1,0,1,0.0,3,5,514.0,655.0,1
3511,1,0,0,1.0,3,38,955.75,955.75,0
2715,12,0,0,0.0,4,35,2471.25,2577.65,0
5898,1,1,1,0.0,1,35,2568.55,3453.0,1
4476,1,1,0,0.0,5,28,535.35,1265.87,0
3300,1,0,0,1.0,3,2,51.6,106.54,0
4696,1,0,0,1.0,4,49,4297.95,4994.24,0
2653,24,0,0,1.0,5,8,174.65,301.53,0
2969,1,1,1,0.0,4,37,3314.15,3373.35,0
5913,1,0,1,0.0,2,16,1529.2,2149.2,1
2832,1,0,1,0.0,1,40,4036.85,5544.45,1
5831,1,0,0,1.0,2,6,503.6,680.06,1
5698,1,0,0,1.0,2,3,159.15,227.46,1
6066,24,1,1,1.0,5,67,1688.9,2663.08,0
2217,24,0,1,1.0,3,29,2357.75,3423.5,0
6252,24,1,1,0.0,3,72,8456.75,9609.47,0
5020,1,0,0,1.0,4,5,117.95,134.8,0
4094,1,0,0,1.0,3,1,70.0,99.15,1
4193,24,0,1,0.0,5,65,7082.85,8882.7,0
3716,1,0,0,1.0,5,3,45.75,169.83,0
3384,1,0,0,1.0,5,19,1093.4,1857.58,0
2570,1,0,0,1.0,3,2,81.25,174.93,1
3618,1,0,0,1.0,1,1,20.6,67.86,1
4466,24,1,1,1.0,5,55,1388.0,1467.2,0
6228,24,0,1,0.0,4,55,1443.65,2115.2,0
3080,1,0,0,0.0,1,39,1880.85,1880.85,1
5822,24,0,1,0.0,4,62,1429.65,4463.31,0
5854,1,0,0,1.0,4,1,20.25,48.43,0
4570,1,0,0,0.0,3,1,24.4,24.4,0
2383,1,0,1,0.0,3,32,2664.3,3849.58,0
3948,1,1,0,0.0,4,28,543.8,987.6,0
4709,1,0,1,1.0,4,22,1427.55,2400.71,0
4181,24,0,1,1.0,4,70,5411.4,6566.63,0
5425,24,0,0,0.0,5,64,4378.8,5869.36,0
5036,1,0,1,0.0,1,3,251.75,381.56,1
3404,12,0,0,0.0,4,47,3021.45,3369.77,0
6367,24,0,0,0.0,5,70,5717.85,8502.45,0
3586,24,1,1,0.0,5,45,1088.25,3217.2,0
3298,1,0,0,0.0,3,20,482.8,482.8,1
4806,1,0,0,0.0,3,61,5731.85,6813.38,0
4399,24,0,0,0.0,5,48,982.95,2599.59,0
4898,12,0,0,0.0,4,36,3003.55,3503.95,0
2504,1,0,0,1.0,1,14,1208.35,1435.03,1
4014,1,1,0,0.0,4,5,434.5,492.22,0
5725,24,1,1,1.0,3,54,3566.7,4894.56,0
3542,1,0,0,0.0,3,3,77.75,77.75,1
5995,24,1,1,1.0,4,62,5411.65,7752.15,0
5259,1,0,1,0.0,5,7,701.3,752.89,0
4876,1,0,0,1.0,3,46,3605.2,5861.72,1
5456,1,0,1,0.0,2,33,2757.85,3467.42,1
5632,1,0,0,0.0,1,39,2184.35,2184.35,1
3444,1,0,1,1.0,1,27,2867.75,3142.88,1
4501,1,0,1,1.0,3,26,2193.0,2729.64,0
3265,1,0,1,0.0,5,20,1370.35,1825.35,0
2468,1,0,1,1.0,1,28,2625.55,3473.39,1
4907,1,0,0,0.0,3,10,252.75,356.95,0
3773,1,0,1,0.0,3,42,2727.8,4254.5,0
4676,1,0,1,1.0,3,50,5405.8,7134.3,0
2834,1,0,0,0.0,1,5,449.75,472.7,1
5384,12,0,0,0.0,5,64,1336.65,2824.65,0
5129,1,0,0,1.0,1,15,892.65,1437.75,1
2775,1,0,0,1.0,5,11,716.1,865.26,0
5122,24,0,0,1.0,4,52,3038.55,3038.55,0
2798,24,0,0,0.0,3,44,845.25,2921.26,0
6370,24,0,1,1.0,3,54,5760.65,6719.69,0
3101,1,0,1,0.0,1,11,1222.05,1517.73,1
5232,12,1,0,1.0,3,66,3251.85,6427.11,0
4215,1,0,0,0.0,5,1,20.3,26.94,0
3501,24,0,0,0.0,4,3,213.35,321.73,0
4503,1,0,1,0.0,3,69,5785.65,6804.09,0
5546,12,1,1,0.0,4,71,4982.5,8432.39,0
2739,1,0,0,0.0,3,5,244.75,459.85,0
4764,1,0,0,1.0,5,3,199.85,304.13,0
2548,1,0,1,1.0,3,1,74.9,76.74,1
4977,12,0,1,0.0,5,47,4563.0,5626.71,0
5987,12,0,0,1.0,5,37,695.05,1811.34,0
5462,12,0,1,0.0,5,57,4140.1,6885.22,0
3594,1,1,0,0.0,3,3,50.6,105.89,0
3300,1,0,1,0.0,3,20,2031.95,2496.35,0
5225,24,0,1,0.0,5,65,7082.45,10215.38,0
6011,24,0,1,0.0,5,72,1797.1,2095.9,0
5161,24,0,0,1.0,3,25,499.4,1233.9,0
2101,1,0,1,0.0,1,2,143.35,197.09,1
4259,12,0,0,0.0,3,39,947.75,947.75,0
3291,1,0,0,0.0,5,6,514.6,758.44,0
5505,1,1,0,0.0,5,8,759.55,936.67,0
5159,1,0,1,1.0,1,7,541.15,868.68,1
3123,1,0,1,1.0,1,43,4388.4,5882.15,1
3176,1,1,0,0.0,3,43,1912.85,1912.85,0
2740,1,0,0,1.0,2,23,2293.6,3010.51,1
5456,1,1,0,0.0,5,2,90.05,151.79,0
5098,1,0,1,0.0,3,2,154.3,184.68,0
5303,1,0,0,0.0,3,1,36.45,36.45,1
5887,12,0,0,0.0,1,14,1348.9,1427.72,1
3314,12,0,0,0.0,4,23,1509.8,2707.0,0
5851,24,1,1,1.0,3,30,789.55,2190.44,0
4898,1,0,1,1.0,1,45,4740.0,5375.4,1
4663,12,1,0,0.0,4,66,7031.3,9635.0,0
5628,24,0,0,1.0,3,64,1208.6,2487.32,0
3019,1,1,1,1.0,3,24,1923.85,3020.17,0
5189,1,0,1,1.0,3,29,2265.25,3020.12,1
5407,24,0,1,0.0,3,13,1161.75,1643.14,0
2885,1,0,0,0.0,2,38,3264.5,3935.58,1
3345,12,0,0,0.0,4,48,3772.65,5753.13,0
3314,1,0,0,0.0,3,4,356.65,484.33,0
6113,1,0,0,1.0,4,53,4348.1,7006.78,0
2500,1,0,0,1.0,4,3,244.85,299.63,0
3760,1,1,1,0.0,3,47,4017.45,4068.68,0
5757,1,0,1,1.0,5,41,3439.0,5051.81,0
4840,12,0,0,0.0,4,29,617.35,1231.86,0
3896,1,0,0,1.0,4,18,1294.6,1694.22,0
3000,12,1,0,1.0,4,24,439.75,1419.19,0
3763,1,0,1,0.0,3,1,76.45,90.29,1
5269,12,0,1,0.0,3,58,3972.25,5537.67,0
5868,24,0,0,1.0,3,15,1285.05,1852.65,0
5234,24,0,0,0.0,4,72,7624.2,10641.72,0
2404,1,0,0,1.0,1,1,69.4,112.86,1
4600,1,0,1,1.0,3,19,1672.35,2319.3,0
2405,1,0,0,0.0,1,38,3013.05,4396.87,1
3675,24,1,1,1.0,4,18,428.45,1125.96,0
5534,1,0,0,0.0,3,3,107.25,107.25,0
2775,12,1,0,1.0,4,35,3165.6,3219.15,0
5930,1,0,0,1.0,2,1,45.85,90.6,1
4604,12,0,0,0.0,4,21,1339.8,2241.75,0
3248,1,0,0,1.0,4,9,157.65,439.17,0
4890,24,1,1,1.0,3,72,7548.6,8040.73,0
5829,1,0,0,0.0,1,15,1270.2,1670.65,1
3289,1,0,1,0.0,3,45,3713.95,4739.95,0
4133,1,0,0,0.0,5,3,82.85,82.85,0
5876,1,0,0,0.0,3,35,739.9,1367.1,0
4432,24,1,1,0.0,4,43,1077.95,1198.78,0
3344,1,0,0,1.0,2,7,587.1,899.72,1
6236,24,1,1,1.0,5,66,5234.95,7545.61,0
5479,1,0,0,1.0,4,1,44.75,73.32,0
2919,1,0,1,0.0,1,2,131.05,136.97,1
4404,24,0,1,1.0,3,65,1698.55,3889.7,0
4601,12,0,1,1.0,1,59,6448.05,7787.94,1
3712,1,0,1,0.0,4,30,1441.95,1708.75,0
3256,1,0,0,1.0,5,1,44.95,58.58,0
3949,1,0,0,0.0,3,31,2979.2,4402.72,0
3997,12,0,1,1.0,4,48,3420.5,5283.86,0
4397,12,0,1,1.0,3,42,3375.9,4102.92,0
5463,24,1,0,0.0,3,69,1376.5,3001.45,0
2861,24,1,0,0.0,4,47,1041.8,1227.45,0
4122,12,1,0,0.0,3,6,94.45,359.23,0
2540,24,0,0,1.0,3,47,1875.25,1875.25,0
3204,1,0,0,1.0,2,1,44.4,70.93,1
4004,12,0,0,1.0,4,9,163.7,601.19,0
4671,24,0,1,0.0,3,72,5981.65,7227.25,0
6444,24,1,0,1.0,5,71,1387.45,2532.68,0
5570,24,0,0,1.0,5,69,1363.45,3492.79,0
5045,1,0,0,0.0,4,51,1529.45,1529.45,0
3828,12,0,1,0.0,4,4,303.7,368.7,0
5189,12,0,1,1.0,2,34,2088.75,3258.69,1
2595,12,0,1,0.0,3,45,3600.65,5392.55,0
6082,24,1,1,1.0,4,69,7665.8,10295.73,0
6035,1,0,1,1.0,3,56,4275.75,5939.11,0
5723,24,0,1,0.0,4,35,3914.05,4981.55,0
4059,1,0,0,1.0,3,6,433.95,617.19,0
2762,1,0,0,0.0,3,11,608.15,1094.35,0
4480,1,0,1,1.0,3,3,298.35,363.93,1
5489,24,0,0,0.0,3,8,343.45,343.45,0
4494,24,0,1,1.0,3,67,4250.1,6185.06,0
5383,1,0,1,0.0,2,41,4443.45,5001.08,1
4298,1,0,0,0.0,3,16,314.45,1037.38,0
4414,1,0,0,0.0,2,7,293.3,293.3,1
5724,24,0,1,0.0,4,58,4916.4,6730.06,0
4949,24,1,0,0.0,3,72,1354.4,2994.56,0
4740,12,0,1,1.0,4,48,3581.4,4668.12,0
2990,12,0,0,0.0,3,12,435.45,435.45,0
3960,1,1,0,1.0,3,1,20.15,38.78,0
5623,12,0,0,0.0,4,24,1367.75,1367.75,0
2317,1,0,1,1.0,1,42,4400.75,5765.92,1
2110,1,0,0,1.0,4,18,1058.1,1917.06,0
5684,1,0,0,0.0,5,1,43.95,89.54,0
4501,24,0,1,1.0,4,61,1554.9,4017.47,0
3559,1,0,1,1.0,3,4,367.95,494.23,0
3595,1,0,0,0.0,3,10,187.35,234.95,0
2563,1,0,0,1.0,2,4,137.85,137.85,1
4207,12,0,0,1.0,3,51,3145.15,5551.33,0
4499,12,0,0,1.0,4,43,4304.0,5898.87,0
5054,24,0,1,0.0,3,71,6310.9,7896.33,0
4038,1,0,0,1.0,3,2,159.4,248.66,1
6354,12,1,0,1.0,3,65,3874.1,5125.35,0
4258,1,0,0,0.0,3,3,63.6,184.2,0
4402,12,0,0,1.0,4,23,405.6,1012.11,0
4672,1,1,0,0.0,1,15,288.05,755.15,1
5079,12,1,0,0.0,3,25,970.55,970.55,0
4571,1,0,0,0.0,3,10,374.0,374.0,0
5276,1,0,0,0.0,3,56,4092.85,6085.89,1
5472,12,0,1,0.0,2,17,937.5,1350.77,1
3847,24,0,0,1.0,4,25,2513.5,2637.0,0
6251,24,0,1,1.0,3,59,6561.25,7445.07,0
2622,1,1,1,0.0,3,35,3161.6,4884.4,0
2825,1,0,0,0.0,2,1,70.15,118.12,1
5409,1,0,0,1.0,3,20,413.0,632.4,0
4045,1,0,0,0.0,5,16,1540.05,1787.09,0
5437,12,1,0,0.0,5,50,5236.4,7046.9,0
4933,24,0,0,1.0,3,72,4685.55,4685.55,0
4310,12,0,0,1.0,3,24,1712.9,2501.54,0
4909,1,0,0,0.0,5,8,161.15,339.87,0
5377,12,0,0,1.0,4,53,5200.8,5642.29,0
5336,24,0,0,0.0,5,37,813.3,2366.93,0
4938,24,0,1,1.0,3,72,8240.85,11564.37,0
2421,1,0,0,1.0,2,3,220.1,338.24,1
3442,12,1,0,1.0,3,48,3023.65,5167.33,0
4662,1,0,1,1.0,1,58,5812.6,5997.04,1
5114,24,1,1,0.0,3,70,1790.15,1875.55,0
5914,24,0,0,1.0,4,50,1013.2,1106.7,0
2431,1,0,0,1.0,4,28,961.4,961.4,0
5242,24,0,1,0.0,3,72,4804.65,5922.09,0
3980,1,0,0,0.0,4,1,45.35,57.81,0
4097,1,0,0,1.0,5,7,130.55,362.81,0
2793,1,1,0,0.0,4,11,346.45,319.21,0
4243,1,0,0,0.0,1,10,990.9,1423.7,1
5651,1,0,1,1.0,1,68,6127.6,7768.44,1
5692,24,0,1,0.0,3,65,7108.2,7359.53,0
4993,24,0,1,0.0,5,52,5832.0,7023.82,0
2798,1,0,0,0.0,5,1,20.05,38.2,0
4381,1,0,0,1.0,2,2,146.05,255.63,1
5701,1,0,1,0.0,3,25,1373.0,1786.0,0
4661,1,0,0,1.0,3,7,415.95,431.63,1
5045,24,1,0,0.0,3,30,599.25,934.96,0
6216,24,0,0,0.0,3,63,6705.7,6906.04,0
2517,12,0,0,0.0,3,41,2728.6,4041.42,1
2908,1,0,0,1.0,4,1,49.75,91.54,0
3443,1,1,0,0.0,3,11,565.35,565.35,0
4359,1,0,1,0.0,2,23,1943.2,2828.34,1
4954,1,1,0,0.0,3,7,144.35,424.21,0
5221,1,0,0,1.0,3,4,68.45,73.65,0
5699,1,0,1,0.0,2,10,830.85,1007.35,1
5113,1,1,0,1.0,4,2,40.25,54.79,0
2202,24,0,0,1.0,4,39,1971.15,2124.42,0
4754,12,1,0,1.0,3,64,4068.0,5769.01,0
3316,1,0,1,0.0,1,41,4346.4,6303.74,1
4995,1,0,0,1.0,2,14,1025.95,1288.31,1
5587,1,0,1,0.0,2,4,341.45,471.29,1
4143,24,0,0,0.0,4,67,7171.7,9465.11,0
4118,12,0,0,0.0,5,54,5437.1,6627.8,0
5649,12,0,1,0.0,3,67,7511.65,9858.66,0
4228,1,0,0,0.0,5,18,1358.6,1687.58,0
3807,1,0,0,0.0,2,7,608.8,717.39,1
4066,12,0,0,1.0,3,49,918.7,1562.07,0
5247,1,0,1,1.0,3,59,5623.7,7979.48,0
4578,12,1,1,0.0,3,66,7862.25,8078.07,0
5225,1,0,0,0.0,3,5,398.55,460.3,0
5283,12,0,1,1.0,3,35,2441.7,4050.65,0
5071,12,1,1,0.0,5,68,5333.35,5841.31,0
2984,1,0,1,0.0,1,42,4323.45,5004.69,1
5713,12,0,1,0.0,3,53,5809.75,8026.21,0
3253,12,0,0,0.0,5,44,3268.05,3589.82,0
5570,1,0,1,1.0,1,21,2200.25,3009.17,1
4610,24,0,1,1.0,1,68,7856.0,9465.56,1
4074,24,0,1,0.0,3,47,3252.0,5450.19,0
3723,1,0,1,1.0,4,47,4849.1,5532.48,0
4437,1,0,0,0.0,1,8,668.4,926.88,1
3486,1,0,0,0.0,2,44,4398.15,6286.63,1
4374,24,0,0,0.0,4,71,4492.9,4827.31,0
4278,1,0,0,1.0,1,1,82.3,115.71,1
4249,1,0,0,1.0,1,4,387.2,545.92,1
5969,1,1,0,1.0,3,1,49.9,58.9,0
5933,24,0,1,1.0,5,72,7882.25,9023.45,0
5949,1,0,0,0.0,3,3,58.0,66.07,0
5881,24,0,1,1.0,3,72,6697.35,10190.07,0
4103,24,0,1,1.0,3,46,4863.85,6720.89,0
2074,12,0,0,1.0,4,26,1507.0,1591.76,0
6407,24,0,1,1.0,3,58,3505.1,6345.94,0
5007,24,0,1,1.0,4,71,6404.0,8433.18,0
2347,24,1,0,1.0,4,4,76.65,174.93,0
4294,1,0,1,1.0,4,40,3532.25,4878.65,0
2516,1,0,1,0.0,3,5,446.05,655.2,1
4545,24,0,0,0.0,4,42,4135.0,4190.02,0
4741,12,0,1,1.0,5,38,3605.6,3755.7,0
4368,24,1,0,1.0,5,24,490.65,985.05,0
2729,1,0,0,0.0,3,22,1253.15,2069.57,0
4734,1,0,1,1.0,3,24,2542.45,2614.45,1
3163,24,1,0,0.0,4,13,272.35,631.41,0
6034,12,0,0,0.0,4,51,4905.75,5116.89,0
3794,1,0,1,0.0,1,16,1534.75,2140.03,1
2545,1,1,0,0.0,4,8,411.6,479.46,0
4451,24,1,0,1.0,4,54,2424.05,2514.05,0
2469,1,0,0,0.0,3,48,2104.55,2104.55,0
5707,24,0,1,0.0,5,65,1654.75,1931.51,0
4496,1,0,0,0.0,5,1,20.2,33.28,0
2502,1,0,0,1.0,2,1,80.25,113.17,1
4260,24,0,0,0.0,3,67,1311.3,1627.54,0
5748,24,1,0,0.0,3,66,3708.4,3708.4,0
5229,24,0,1,0.0,3,37,2278.75,2428.28,0
4633,24,1,0,1.0,3,71,5522.7,5860.66,0
5855,24,0,1,0.0,1,50,5551.15,6936.15,1
5935,12,0,1,1.0,4,69,7317.1,9619.63,0
5011,1,0,1,0.0,1,61,6281.45,9069.15,1
2548,1,0,0,0.0,2,1,35.25,35.25,1
2195,12,0,0,0.0,4,4,68.2,95.64,0
3409,1,1,1,0.0,3,30,2509.95,3258.42,0
2415,12,0,0,0.0,5,7,574.35,688.87,0
3591,1,1,0,0.0,4,15,284.3,852.8,0
2569,1,0,1,1.0,5,13,981.45,1134.72,0
3314,12,0,0,1.0,4,36,1317.95,1317.95,0
4684,1,0,1,1.0,2,1,74.2,123.15,1
2833,1,0,0,0.0,1,1,54.9,99.26,1
5987,24,0,1,0.0,4,68,1498.85,4068.57,0
5657,1,0,1,0.0,1,3,228.0,276.87,1
4359,1,0,0,0.0,2,9,442.2,452.2,1
4954,12,1,1,1.0,4,64,3399.85,4492.33,0
4452,1,0,0,1.0,4,36,1267.2,1267.2,0
2728,1,0,1,1.0,2,43,4687.9,5312.26,1
3378,12,0,0,0.0,1,22,1544.05,1979.65,1
5411,24,1,0,1.0,4,61,1124.2,2040.42,0
5269,1,0,1,1.0,4,5,417.75,566.45,0
5886,1,0,1,0.0,5,24,2248.05,3413.89,0
5274,1,0,0,0.0,3,45,2298.55,3171.1,0
5167,1,0,0,1.0,3,55,4509.5,5738.2,0
4374,12,0,0,1.0,5,44,3122.4,5293.04,0
4063,1,0,0,0.0,4,1,70.25,90.3,0
2565,1,0,0,0.0,1,1,73.6,79.79,1
4937,24,1,1,1.0,3,56,6567.9,8856.06,0
5667,1,0,0,0.0,1,2,144.55,197.43,1
2748,1,1,1,1.0,3,41,3023.55,4194.1,0
3838,1,1,0,1.0,4,11,216.2,709.88,0
4394,1,0,0,0.0,5,2,42.7,123.26,0
5092,24,1,0,1.0,3,72,1322.85,1937.01,0
4977,1,0,1,0.0,3,50,4113.7,6513.2,0
6398,12,0,0,1.0,3,64,6654.1,9245.46,0
4280,24,1,0,0.0,4,46,3846.35,5960.05,0
5227,1,0,0,0.0,5,29,601.6,681.64,0
3819,1,0,1,1.0,3,40,3756.4,3865.42,0
5409,1,0,0,1.0,3,43,1505.35,1456.13,0
5457,1,0,0,1.0,4,9,348.15,696.0,0
5733,24,0,0,0.0,4,72,1566.9,4616.82,0
4478,1,1,0,0.0,3,1,49.25,57.63,1
5225,1,0,0,0.0,1,2,119.75,181.21,1
2519,24,0,0,1.0,3,46,1842.7,1922.7,0
4152,1,0,0,0.0,2,1,19.4,22.54,1
2856,1,0,0,1.0,3,2,184.1,251.88,1
4592,24,0,0,0.0,3,72,6096.9,7252.5,0
3515,12,0,0,0.0,3,23,2292.75,3257.37,0
2989,12,0,1,0.0,3,20,1416.2,2066.2,0
4003,12,1,0,0.0,5,18,812.4,812.4,0
4469,24,0,1,1.0,3,67,7567.2,8985.11,0
6291,24,1,1,1.0,3,71,6287.3,7502.71,0
4934,24,0,0,0.0,5,67,1263.05,4565.37,0
2754,1,0,1,0.0,3,17,1672.1,2331.36,0
3274,12,1,0,0.0,4,22,2090.25,2289.35,0
4442,24,0,0,1.0,5,70,1433.8,1634.03,0
5728,1,0,0,0.0,5,14,299.3,427.96,0
2455,1,0,1,1.0,2,35,2917.5,4603.51,1
5516,24,0,1,0.0,1,67,7156.2,9310.25,1
4778,12,0,1,1.0,3,62,5757.2,7759.18,0
4910,1,0,0,0.0,2,26,2274.35,3314.69,1
2715,12,1,0,0.0,4,26,1023.75,1023.75,0
5279,12,0,0,1.0,4,12,202.25,334.73,0
2635,1,1,0,0.0,3,2,36.55,36.55,1
3645,1,0,0,0.0,3,47,4042.3,5811.56,1
4318,24,1,0,1.0,3,55,3842.6,5375.45,0
4735,24,0,1,0.0,3,45,4385.05,4955.2,0
5187,1,0,1,0.0,4,63,6479.4,7622.22,0
5874,1,0,1,0.0,1,35,3029.1,3696.55,1
5542,12,1,1,0.0,3,49,4520.15,6254.94,0
3238,1,0,0,0.0,2,7,576.65,657.71,1
5076,24,0,1,0.0,5,57,5229.8,7053.69,0
4051,12,0,0,1.0,4,61,2696.55,2696.55,0
2422,24,0,0,0.0,3,18,1011.05,1083.14,0
5900,1,0,0,1.0,2,2,85.15,138.39,1
5091,12,0,0,1.0,5,15,688.2,655.65,0
5133,24,0,0,0.0,3,66,4017.45,5427.87,0
5978,24,1,1,0.0,4,59,4519.5,5272.21,0
3318,12,0,1,0.0,5,35,3437.5,3511.7,0
6009,24,1,1,0.0,4,72,8670.1,11025.19,0
4981,1,0,1,1.0,3,62,5629.55,7333.93,0
2074,1,0,1,0.0,1,35,3395.8,4244.85,1
3351,1,0,0,1.0,4,15,1108.6,1561.15,0
5755,24,0,0,1.0,5,54,1079.45,2496.95,0
2547,1,0,0,0.0,3,7,355.1,587.78,0
5899,12,0,0,1.0,5,11,651.55,733.17,0
4951,24,0,0,0.0,4,71,7213.75,8775.75,0
5004,24,0,1,0.0,3,63,5597.65,8404.3,0
3378,24,0,1,0.0,4,33,826.1,2030.6,0
5248,24,1,0,0.0,3,55,1153.25,2511.75,0
5535,24,1,1,1.0,3,52,1331.05,2867.65,0
4118,1,0,0,0.0,4,13,528.45,528.45,0
5764,1,0,0,0.0,3,1,94.4,112.74,1
4252,12,0,1,1.0,4,70,6982.5,8228.7,0
4267,24,0,0,0.0,4,2,162.55,212.45,0
3195,1,0,0,0.0,5,15,299.4,897.45,0
5957,24,0,1,1.0,3,71,7985.9,11501.82,0
5596,1,0,1,1.0,3,50,3454.6,4816.1,0
3280,1,0,0,1.0,2,2,152.45,184.73,1
2916,1,0,0,0.0,3,12,912.0,1044.48,0
5841,1,0,1,0.0,5,9,633.85,717.28,0
4980,1,0,0,0.0,3,54,4667.0,6134.18,0
5441,24,0,1,0.0,3,67,4322.85,5852.46,0
5437,12,0,0,0.0,3,38,2597.6,3878.58,1
4689,24,0,1,1.0,3,72,5730.7,6335.58,0
3906,12,0,1,1.0,4,28,3204.4,4483.16,0
3207,1,0,0,1.0,1,40,3233.85,5028.25,1
3958,12,1,0,1.0,3,14,309.35,680.72,0
2590,1,0,1,1.0,5,23,1642.75,1976.94,0
4501,1,0,1,1.0,2,10,1037.75,1048.65,1
5882,1,0,0,0.0,1,4,321.9,350.94,1
5823,12,1,1,1.0,3,28,2509.25,3245.09,0
5730,1,0,0,0.0,1,4,272.15,344.27,1
4265,1,1,0,0.0,1,2,134.35,188.89,1
5701,1,0,1,1.0,2,23,1917.1,2347.2,1
4471,12,0,0,0.0,3,53,5769.75,7364.52,1
2555,1,0,0,0.0,5,29,1004.75,1004.75,0
2036,1,0,1,1.0,3,21,1808.7,2695.32,1
4929,1,1,0,1.0,3,13,670.65,919.86,0
5692,1,0,1,1.0,1,36,3186.7,4026.58,1
2750,12,0,0,1.0,3,7,173.15,286.55,0
2319,12,0,1,0.0,3,43,3662.25,3799.32,0
5797,1,0,1,1.0,1,1,100.25,120.48,1
5589,12,1,1,0.0,3,67,4653.25,7069.33,0
4584,1,0,1,0.0,1,32,2642.05,2784.16,1
5691,12,1,0,0.0,3,35,1383.6,1383.6,0
6433,1,1,1,1.0,5,58,3970.4,6528.2,0
4262,12,1,1,1.0,4,62,5791.85,6768.97,0
6232,24,1,1,1.0,3,72,1769.6,4313.36,0
4607,1,0,0,0.0,3,57,3171.6,4019.37,0
5044,12,1,1,1.0,3,44,3471.1,3694.18,0
3238,1,0,0,1.0,3,1,43.95,78.43,1
4324,24,0,1,1.0,3,72,5919.35,7163.51,0
4430,24,0,0,1.0,4,27,520.55,1713.68,0
3333,24,1,1,0.0,4,45,4634.35,5693.65,0
5394,1,0,0,1.0,1,1,20.2,31.18,1
5279,1,0,0,1.0,4,1,19.5,52.52,0
5422,24,0,0,0.0,5,49,973.35,1111.53,0
4058,24,0,1,0.0,4,71,1816.2,4100.98,0
5230,12,1,0,0.0,3,23,947.4,947.4,0
5825,1,1,0,0.0,4,15,469.65,469.65,0
4628,1,0,0,1.0,2,1,25.25,25.25,1
5211,12,0,0,0.0,5,52,3865.45,4406.25,0
5915,1,0,1,0.0,1,47,3825.85,5716.42,1
5777,1,0,1,0.0,3,8,632.2,770.6,0
2015,1,0,1,0.0,3,7,546.95,823.52,1
4263,24,0,0,0.0,3,34,2339.3,3044.8,0
5151,24,0,0,1.0,3,63,1234.8,3651.48,0
5863,12,0,1,0.0,5,17,1410.25,2255.32,0
4180,24,1,0,0.0,4,69,3121.4,3121.4,0
2941,1,0,0,0.0,3,3,55.25,180.95,0
4076,1,1,0,1.0,3,6,295.65,503.85,0
4251,24,0,1,0.0,4,52,5839.3,6411.82,0
4613,12,1,0,1.0,4,10,242.4,618.3,0
5035,12,1,1,1.0,3,58,5125.75,6324.69,0
4098,12,1,0,0.0,3,58,5846.65,8111.55,0
5764,1,1,0,1.0,3,13,587.45,1123.29,0
4489,12,1,1,1.0,3,55,4264.25,5153.05,0
5281,12,0,0,0.0,4,57,2258.25,2258.25,0
4517,24,1,0,0.0,3,35,655.3,1027.94,0
5801,12,0,1,0.0,3,62,5755.8,7222.15,0
3891,1,0,0,0.0,4,4,99.95,99.95,0
4237,1,0,0,0.0,4,1,74.35,98.76,0
3608,12,1,0,1.0,4,15,864.55,969.0,0
3853,1,1,1,1.0,3,43,4039.0,5221.07,0
5250,24,0,0,0.0,3,27,538.2,1503.99,0
4334,1,0,1,0.0,3,48,4445.3,4644.5,0
2292,1,0,0,0.0,4,14,1117.55,1375.99,0
2122,1,0,0,0.0,1,15,1582.75,1918.6,1
4899,1,0,1,1.0,5,51,4473.0,4550.01,0
4078,1,0,1,0.0,3,25,2187.55,3073.22,1
5160,12,0,0,0.0,3,68,3848.8,6914.52,0
3422,1,1,0,0.0,3,19,610.2,610.2,0
3733,24,0,0,0.0,4,39,762.45,1924.26,0
5418,12,1,1,0.0,4,66,7210.85,10139.93,0
5308,24,1,1,0.0,3,72,8248.5,10143.54,0
5943,1,0,0,0.0,3,72,6747.35,9139.19,0
5466,24,0,1,0.0,4,62,5193.2,5568.3,0
4842,24,0,1,1.0,3,72,8468.2,10682.2,0
2102,1,1,1,1.0,1,5,135.0,335.25,1
3076,12,0,1,1.0,4,18,424.5,657.96,0
5829,1,0,0,1.0,3,55,2479.05,2479.05,0
5232,1,0,0,0.0,4,5,291.45,425.75,0
4654,1,0,0,0.0,5,9,769.1,830.12,0
2418,1,0,0,1.0,2,1,69.65,118.89,1
5518,1,0,0,0.0,1,15,438.25,528.25,1
3985,1,0,0,0.0,3,3,49.65,142.83,0
4544,24,0,0,0.0,4,54,4191.45,4957.17,0
3905,1,0,1,1.0,1,7,602.55,734.36,1
5133,1,1,0,0.0,3,1,69.95,81.4,0
4424,24,1,0,0.0,3,58,1160.75,2133.36,0
4074,12,0,0,0.0,3,49,1032.05,2461.87,0
4885,12,0,1,1.0,3,45,5032.25,6541.55,0
4833,24,0,1,1.0,4,67,1583.5,1803.26,0
4155,24,1,1,0.0,4,71,1654.6,2001.79,0
2085,1,0,0,0.0,3,3,160.85,213.11,0
2854,1,0,0,0.0,4,22,1073.3,1073.3,0
5157,1,0,1,1.0,2,49,4853.75,5843.03,1
6034,12,0,1,1.0,5,51,4947.55,7511.27,0
2483,1,1,0,0.0,1,1,79.35,92.48,1
2770,1,0,1,1.0,4,44,3626.35,4523.55,0
3568,12,0,1,0.0,3,40,4188.4,5330.0,0
3800,12,0,0,1.0,5,29,540.05,1343.93,0
3469,1,0,0,1.0,2,6,575.45,684.93,1
5823,12,0,0,1.0,3,26,457.3,1645.5,0
3621,1,0,0,0.0,1,15,1156.1,1414.55,1
4895,1,0,0,1.0,1,1,42.9,46.92,1
4348,1,0,0,1.0,4,42,1626.05,1626.05,0
2432,1,1,0,0.0,3,1,89.35,94.71,0
4382,24,1,1,1.0,3,72,1787.35,4616.95,0
4162,1,1,0,0.0,3,12,480.6,524.31,1
5468,24,1,0,0.0,3,41,3126.45,4450.34,0
3522,1,0,0,1.0,1,1,44.4,76.84,1
3468,1,0,0,1.0,4,5,374.8,556.15,0
4754,24,0,0,1.0,3,53,5424.25,7733.46,0
5646,1,0,1,0.0,3,3,242.95,347.78,1
2962,1,0,0,0.0,4,1,55.05,69.7,0
4610,24,0,1,0.0,5,53,1279.0,3051.8,0
5976,1,0,1,1.0,5,69,5869.4,8249.21,0
4535,1,0,0,0.0,5,25,2338.35,2433.6,0
5238,12,0,1,0.0,5,31,2484.0,2580.72,0
4336,1,0,0,1.0,1,5,216.9,253.45,1
3561,1,0,0,0.0,3,5,198.0,198.0,1
2115,1,0,1,0.0,5,2,134.05,178.51,0
4601,24,0,0,1.0,3,68,3794.5,3794.5,0
5715,12,0,0,1.0,3,45,1596.6,1596.6,0
3738,1,1,1,0.0,3,38,3956.7,4877.06,0
3420,1,0,0,0.0,1,1,50.55,81.51,1
4045,12,0,0,0.0,5,32,1830.1,2477.54,0
2330,1,0,1,0.0,1,4,338.9,366.54,1
5964,12,1,0,1.0,5,19,357.7,974.63,0
5182,12,0,0,0.0,3,19,893.55,893.55,1
3615,1,0,0,0.0,2,29,856.35,856.35,1
4162,24,1,1,1.0,3,46,4972.1,5911.42,0
2400,12,1,0,0.0,3,27,552.9,1020.0,0
5386,24,0,1,1.0,3,52,4577.75,5344.06,0
4687,1,0,1,0.0,3,39,4284.8,5581.55,1
4195,1,1,0,1.0,4,9,184.1,596.57,0
2049,1,1,0,0.0,4,10,218.5,356.8,0
3037,1,0,0,1.0,1,1,45.6,57.33,1
2574,24,0,0,1.0,3,42,844.45,1613.47,0
4332,24,0,1,0.0,3,72,7015.9,8850.46,0
2675,1,0,0,0.0,3,18,476.8,476.8,0
4125,24,1,0,0.0,4,58,1079.65,3603.81,0
5916,1,0,0,1.0,4,1,19.95,47.03,0
4422,12,0,0,0.0,3,29,2243.9,2348.67,0
3139,1,0,1,0.0,4,17,1640.0,1999.38,0
4222,1,0,1,0.0,4,55,6382.55,7994.05,0
4074,1,0,1,1.0,1,26,2277.65,2513.99,1
5762,24,0,1,0.0,3,72,6510.45,9744.69,0
4727,12,0,0,1.0,3,46,4664.2,6071.8,0
3172,1,0,1,1.0,3,11,1131.2,1145.28,1
4742,24,0,1,0.0,5,71,1681.6,4024.6,0
4988,24,0,1,1.0,3,72,6735.05,6831.53,0
5453,24,0,1,1.0,3,66,6075.9,7611.72,0
4676,1,0,0,0.0,1,2,189.2,273.52,1
3684,1,0,0,0.0,4,4,238.5,322.62,0
2075,1,0,0,0.0,3,1,81.1,103.96,1
5478,24,1,0,0.0,4,72,1567.0,2636.14,0
3518,1,1,0,0.0,4,1,24.7,24.7,0
4423,12,0,1,0.0,2,43,4533.9,5269.02,1
5411,12,0,1,1.0,2,58,6219.6,8645.72,1
6035,24,0,0,1.0,4,67,4361.55,7734.13,0
4093,12,0,1,0.0,5,59,4693.2,5889.13,0
5763,1,0,0,0.0,3,21,1125.2,1486.19,0
3716,1,0,0,1.0,2,5,425.9,643.45,1
3402,1,1,0,0.0,3,20,417.65,1179.92,0
5041,24,0,1,1.0,3,36,2659.45,4155.97,0
4993,24,1,1,1.0,3,71,1813.35,2108.0,0
3408,24,0,0,0.0,3,37,784.25,1764.38,0
3669,1,0,0,0.0,2,7,467.55,559.67,1
3058,12,1,0,1.0,3,23,465.45,493.05,0
5671,1,0,1,1.0,3,12,1052.4,1224.96,1
6365,12,1,1,1.0,3,53,5576.3,5776.64,0
6136,1,1,1,1.0,5,49,4613.95,5014.77,0
5460,1,0,0,1.0,3,1,90.75,113.81,1
5292,1,0,1,0.0,1,29,2698.35,2814.35,1
3077,1,0,0,1.0,2,7,676.7,772.11,1
4915,24,0,1,1.0,4,20,1745.2,2265.4,0
5796,1,0,0,0.0,3,24,1275.7,2090.98,0
4185,24,1,1,1.0,3,72,1790.8,3754.95,0
3937,12,1,1,0.0,3,17,1096.65,1645.24,0
4559,1,0,0,1.0,2,2,141.45,160.97,1
4633,1,0,0,1.0,5,1,43.8,81.3,0
4368,24,0,1,1.0,3,52,3829.75,6023.63,0
5768,1,0,0,0.0,2,1,24.6,24.6,1
5355,12,0,0,0.0,4,11,237.7,533.05,0
4852,1,0,1,1.0,3,17,1322.55,1451.75,0
4630,12,0,0,0.0,2,52,5426.85,7989.93,1
5461,12,0,1,1.0,3,38,4428.6,6027.64,0
4388,24,1,1,1.0,4,70,8250.0,9045.2,0
2266,1,0,0,0.0,2,6,455.3,526.16,1
5970,24,0,1,1.0,4,61,1551.6,2365.95,0
4193,1,0,0,0.0,4,1,25.35,25.35,0
5083,24,1,0,0.0,3,45,2553.7,4588.15,0
4922,1,1,1,1.0,3,10,858.6,923.6,0
3021,24,0,0,0.0,3,9,637.4,862.04,0
4174,1,0,1,0.0,3,8,606.25,716.65,1
6148,1,0,1,1.0,3,49,4920.55,7148.09,0
5574,24,1,1,1.0,4,71,1626.4,2974.69,0
2941,1,1,1,1.0,2,34,3549.25,4286.71,1
4807,12,0,0,0.0,3,60,4801.1,6908.9,0
5111,24,0,1,1.0,5,16,1261.35,1613.67,0
5001,1,0,0,0.0,3,1,79.1,121.4,1
5975,1,0,0,0.0,4,27,460.25,500.59,0
4998,1,0,0,0.0,3,12,524.35,957.67,0
4129,1,0,1,0.0,2,60,5742.9,7856.1,1
6205,1,0,0,0.0,3,65,3673.15,4972.5,0
3851,1,0,0,1.0,3,28,1785.65,2593.73,0
2186,1,1,0,1.0,5,6,138.85,281.23,0
5631,12,0,0,1.0,4,47,4138.9,5867.56,0
2989,1,0,0,0.0,1,18,990.85,1026.6,1
4577,24,0,0,1.0,4,35,1662.05,1802.05,0
2264,1,0,1,0.0,1,5,424.15,606.75,1
4328,24,0,0,0.0,4,69,1399.35,1894.77,0
4768,1,0,1,1.0,5,55,5676.65,7527.95,0
3584,1,0,1,1.0,1,21,2249.95,2708.38,1
6403,24,1,0,1.0,5,62,1218.45,1909.75,0
6492,24,1,0,1.0,3,68,1303.25,2646.25,0
5447,24,0,1,0.0,4,71,5708.2,6579.37,0
3971,1,1,0,1.0,4,25,1296.8,2246.05,0
4010,1,0,0,1.0,4,7,445.95,668.83,0
4868,12,0,0,0.0,3,45,4483.95,4530.3,0
4022,1,1,0,0.0,3,28,2289.9,2378.94,0
4505,24,0,1,0.0,3,36,3834.4,4577.04,0
5421,24,0,0,1.0,4,71,3353.4,3334.76,0
2046,1,0,0,1.0,1,1,80.0,115.71,1
5109,1,1,0,0.0,5,5,356.1,595.65,0
5638,1,1,0,1.0,1,11,180.3,499.41,1
3415,1,0,0,1.0,3,10,612.95,689.45,0
6102,24,0,1,1.0,3,72,6425.65,7900.21,0
5831,1,0,0,1.0,3,19,1093.2,1976.51,0
5988,12,0,1,1.0,3,42,2421.6,3658.08,0
6091,24,0,0,1.0,4,72,2962.0,2962.0,0
2331,1,0,0,0.0,3,14,709.5,1216.58,0
3106,1,0,1,0.0,1,1,88.8,148.4,1
4944,1,0,0,0.0,1,5,346.4,417.7,1
5754,1,0,0,0.0,4,1,85.0,100.2,0
4459,12,1,1,1.0,4,29,1958.45,3062.75,0
4838,24,0,1,1.0,3,66,4798.4,7806.02,0
5678,24,0,1,0.0,3,72,7589.8,8063.56,0
2599,24,0,0,0.0,5,5,214.75,214.75,0
2767,12,0,0,1.0,1,39,3692.85,3867.57,1
5249,1,0,1,1.0,3,1,25.7,69.54,0
2075,1,0,1,1.0,3,14,1036.75,1225.94,1
2111,24,1,1,1.0,3,48,1245.05,2240.09,0
5723,24,1,1,0.0,4,72,7887.25,10411.33,0
5662,12,0,0,1.0,4,39,2224.5,4103.13,0
5438,1,0,0,1.0,2,22,2001.5,2872.26,1
3427,1,0,1,0.0,2,19,1465.75,1863.46,1
4795,24,0,0,1.0,4,47,3522.65,4187.23,0
6406,12,0,0,1.0,3,63,2588.95,2588.95,0
5753,1,0,0,0.0,3,2,87.3,127.04,0
6161,1,0,1,0.0,4,56,5116.6,5313.4,0
4583,24,1,1,0.0,4,59,5861.75,8286.06,0
4528,24,0,1,0.0,3,72,6441.85,8959.69,0
5072,24,0,1,1.0,5,71,1801.9,3556.31,0
5100,1,1,1,1.0,5,60,4453.3,6759.7,0
4194,12,1,0,0.0,5,57,1061.6,3430.52,0
4275,24,0,0,0.0,4,52,3330.1,3330.1,0
6204,24,1,1,1.0,3,66,5930.05,7717.99,0
4263,1,0,0,0.0,5,23,473.9,1286.26,0
2654,12,0,0,0.0,1,45,2791.5,3271.65,1
4766,24,0,1,0.0,3,71,1730.65,4116.96,0
5084,1,0,0,0.0,1,8,832.35,924.91,1
4418,1,0,1,1.0,1,24,1861.5,3044.7,1
6072,24,0,1,1.0,3,72,5602.25,7932.89,0
5089,24,0,1,1.0,3,71,5831.2,8495.83,0
5527,24,0,1,0.0,3,72,6786.1,9632.5,0
6251,24,0,1,0.0,3,72,1874.3,2845.88,0
2326,1,0,0,0.0,1,1,53.55,55.14,1
2269,24,1,0,0.0,5,18,309.25,669.25,0
4425,24,0,1,0.0,4,17,1608.15,2118.98,0
4402,24,1,0,0.0,3,62,1250.1,2767.86,0
4669,1,0,0,1.0,1,4,324.3,496.54,1
4170,12,1,0,0.0,5,56,4968.0,5694.32,0
5918,12,1,0,0.0,4,59,4541.9,5482.36,0
4857,1,0,1,1.0,1,19,1532.45,1950.24,1
4478,24,0,0,1.0,3,34,2275.1,2736.14,0
2205,12,0,0,0.0,3,9,593.3,974.81,0
5341,24,0,1,1.0,5,71,1789.65,4434.4,0
5258,1,0,0,1.0,1,1,69.65,98.35,1
5097,24,0,0,0.0,4,66,6844.5,8887.86,0
4718,1,0,1,0.0,1,22,1730.35,2152.53,1
5863,12,0,1,1.0,2,43,4830.25,5206.5,1
5795,24,1,0,0.0,3,68,7173.15,9308.35,0
2183,1,0,1,1.0,5,45,4747.85,5861.6,0
4148,12,0,0,0.0,3,69,6055.55,8439.5,0
6427,24,0,0,1.0,3,61,3778.85,3778.85,0
6281,12,1,0,1.0,4,53,3419.5,5953.43,0
5600,24,0,0,0.0,3,33,1750.85,1750.85,0
5743,24,1,0,0.0,3,41,879.8,1536.62,0
3306,12,0,1,0.0,1,18,1425.45,1650.45,1
4642,24,1,0,0.0,4,24,452.55,1182.39,0
5344,1,0,1,0.0,1,2,118.3,192.88,1
5137,12,0,1,1.0,3,28,2688.45,2991.89,0
4206,1,0,0,1.0,3,10,863.1,990.9,1
4406,12,0,0,1.0,1,54,5643.4,8342.32,1
3369,1,0,1,0.0,1,34,3217.55,3315.47,1
4103,1,0,0,1.0,2,1,20.15,60.66,1
3363,1,0,1,0.0,2,13,1127.2,1185.05,1
2731,1,0,1,1.0,3,13,902.25,1088.41,0
4118,1,0,0,0.0,5,1,44.75,85.62,0
5253,1,0,0,1.0,5,11,492.0,1088.49,0
2297,12,0,0,1.0,3,27,2078.95,3399.52,0
3762,1,0,1,0.0,4,15,631.4,803.01,0
5337,1,1,0,1.0,2,25,2514.5,2995.07,1
2372,1,0,0,0.0,3,8,186.3,186.3,0
5740,24,0,0,1.0,4,68,1386.9,1579.34,0
5404,1,0,1,0.0,4,61,5943.65,6867.8,0
4248,1,0,0,1.0,2,6,267.35,560.69,1
5900,1,0,0,0.0,4,5,392.65,621.1,0
3796,1,0,1,1.0,2,21,2157.95,3053.6,1
5651,12,1,0,0.0,3,13,218.55,273.93,0
5216,1,0,1,1.0,1,23,1676.95,2446.07,1
5744,12,0,0,0.0,4,36,720.05,1174.01,0
4403,12,0,1,1.0,5,30,2038.7,2717.9,0
4320,24,0,0,1.0,4,1,44.0,72.67,0
2003,1,0,1,0.0,1,13,1359.0,1756.15,1
4190,24,1,1,1.0,3,53,5566.4,7069.48,0
5761,1,0,0,1.0,4,2,41.85,52.69,0
5328,12,0,1,0.0,3,20,2172.05,2723.25,0
5921,24,1,0,0.0,3,71,1415.85,3003.41,0
4769,24,0,1,0.0,3,63,6253.0,8631.88,0
5110,12,0,0,0.0,4,61,1252.0,2427.47,0
3600,1,0,0,0.0,1,4,266.9,317.22,1
4387,24,1,0,1.0,3,54,4362.05,6883.85,0
3749,1,1,0,1.0,3,19,953.65,1030.22,0
4219,1,0,1,1.0,3,30,2679.7,3929.5,0
4910,1,0,0,0.0,4,29,2263.4,2360.55,0
3909,24,0,0,0.0,4,6,348.8,358.8,0
3973,12,1,1,1.0,4,26,2083.1,2995.13,0
4142,1,1,0,0.0,3,1,90.1,114.43,0
2570,1,0,1,1.0,3,4,384.5,424.42,1
4745,12,0,1,1.0,3,51,4911.05,6696.05,0
5052,12,0,0,1.0,3,50,1748.9,1748.9,0
3445,12,0,0,1.0,4,39,1700.9,1700.9,0
5534,24,0,0,1.0,3,72,7611.55,9573.55,0
5514,1,0,1,1.0,4,8,572.45,665.09,0
5455,12,0,0,0.0,4,30,1187.05,1187.05,0
2412,1,0,0,0.0,1,1,69.6,83.79,1
3561,1,0,0,0.0,2,3,220.95,276.09,1
3090,1,0,0,0.0,3,17,440.2,440.2,0
4003,12,0,0,1.0,3,39,1790.6,1790.6,0
4931,12,0,0,1.0,3,18,390.85,551.95,1
3212,1,0,0,1.0,1,3,250.05,395.19,1
5056,1,0,0,0.0,1,1,69.85,153.3,1
6301,24,0,0,1.0,4,61,4616.05,4674.01,0
5544,1,0,0,0.0,3,36,2937.65,4713.53,0
5604,1,0,1,0.0,1,20,1899.65,2005.85,1
3048,12,0,0,0.0,5,25,527.5,561.5,0
4747,24,0,1,1.0,4,68,1911.5,3075.66,0
3689,1,0,1,1.0,3,35,3496.3,4885.45,1
4857,12,0,1,1.0,2,67,7040.85,7588.91,1
5849,24,0,0,1.0,4,50,930.9,2278.4,0
4256,12,0,0,0.0,3,44,2440.25,2434.78,0
4000,12,0,1,0.0,3,43,2908.2,3466.34,0
3128,1,1,0,0.0,4,15,1071.4,1198.0,0
2136,24,0,1,1.0,3,22,1381.8,1760.64,0
4516,1,0,1,1.0,5,49,3720.35,4887.53,0
5317,1,0,0,0.0,1,2,140.7,212.82,1
4159,24,0,0,1.0,3,61,3244.4,3244.4,0
3920,24,0,0,1.0,3,41,2215.4,2215.4,0
6484,1,1,1,1.0,5,56,5432.2,6749.32,0
3953,1,0,0,0.0,4,3,237.65,253.82,0
3325,12,0,0,0.0,4,8,469.25,639.41,0
2407,1,0,1,0.0,1,22,1692.6,1804.58,1
5228,12,0,0,1.0,5,17,1588.25,2078.36,0
5768,12,0,1,0.0,3,67,7112.15,7910.12,0
3851,1,1,0,0.0,5,15,1155.6,1752.15,0
4133,1,1,1,1.0,5,57,4018.35,6935.5,0
4262,24,0,1,1.0,5,72,4908.25,5171.77,0
4072,12,0,1,0.0,3,19,1875.55,1988.22,1
4208,12,0,0,0.0,5,7,129.15,406.28,0
3608,1,0,0,1.0,1,5,470.95,432.39,1
3445,1,0,1,1.0,3,12,958.25,1221.41,0
5847,24,1,1,0.0,5,67,1680.25,2848.06,0
5352,12,0,1,0.0,3,27,2309.55,3215.94,0
5896,24,0,1,0.0,3,67,7839.85,10865.37,0
2136,24,0,0,0.0,4,16,916.15,916.15,0
2742,1,0,1,1.0,4,1,79.15,157.15,0
3879,24,1,0,0.0,3,46,890.35,2162.25,0
5046,24,1,0,1.0,3,55,1210.3,3328.35,0
3244,1,0,0,1.0,1,10,329.8,329.8,1
3260,24,1,0,0.0,5,47,1016.7,1084.38,0
4777,24,1,1,1.0,4,58,5563.65,5854.23,0
3286,1,0,1,0.0,5,42,4222.95,5301.93,0
5963,1,0,0,1.0,1,1,70.3,86.22,1
2505,1,0,1,1.0,1,43,4414.3,5163.79,1
4529,12,0,0,0.0,3,31,1523.4,1523.4,0
3684,1,0,0,1.0,2,20,1389.2,1503.4,1
4436,24,1,0,0.0,4,61,4158.25,6739.16,0
4473,12,1,1,0.0,4,19,1686.85,2388.33,0
2597,1,0,1,0.0,3,15,749.25,925.5,0
4028,1,0,0,0.0,1,18,874.8,1250.28,1
5318,1,1,0,1.0,4,10,563.5,761.2,0
4540,12,1,0,0.0,4,1,20.4,47.9,0
2066,1,0,0,0.0,4,10,222.65,327.25,0
3131,1,0,1,1.0,3,5,541.9,736.35,1
5583,24,1,0,0.0,4,68,3656.25,3656.25,0
3249,1,0,0,0.0,2,29,2384.15,3669.72,1
3615,1,1,0,0.0,3,31,1647.0,2423.24,0
5579,12,0,0,0.0,5,49,923.1,2006.0,0
3246,24,1,1,0.0,4,48,3870.3,4299.42,0
4451,24,0,1,1.0,3,68,6392.85,9002.69,0
4041,1,0,1,0.0,2,17,1460.65,1765.12,1
4369,24,0,0,0.0,3,72,4566.5,4566.5,0
5166,1,0,1,1.0,4,54,4308.25,4720.81,0
3448,1,0,0,1.0,5,14,419.7,419.7,0
5982,1,0,0,1.0,3,21,1862.9,2029.19,0
6105,12,0,1,1.0,1,58,6017.65,8598.65,1
3017,1,0,0,0.0,1,1,46.3,94.52,1
3403,1,0,1,0.0,3,10,765.15,1145.45,0
2456,1,0,0,0.0,3,4,370.65,567.21,1
4503,24,0,0,0.0,4,4,317.75,460.43,0
2738,12,0,0,1.0,3,11,729.95,1036.19,0
5324,1,0,1,0.0,3,29,2215.25,2418.54,0
4107,1,0,0,1.0,1,14,1129.1,1273.3,1
4191,1,0,0,0.0,3,26,2537.0,3499.0,0
4768,12,0,1,1.0,4,72,7677.4,8342.6,0
5382,12,1,1,1.0,4,34,3470.8,3616.32,0
5057,1,0,0,0.0,5,1,19.9,21.4,0
3922,24,1,1,0.0,3,48,5443.65,6047.01,0
4002,1,0,0,0.0,1,2,78.65,78.65,1
3350,1,0,1,0.0,3,2,158.4,205.32,1
3968,1,0,0,0.0,3,15,1457.25,1709.55,1
2843,12,1,0,0.0,3,2,31.9,102.74,0
2294,1,0,0,1.0,1,1,55.4,68.41,1
5214,1,0,0,1.0,4,49,1453.1,1453.1,0
5461,1,0,1,0.0,3,26,2349.8,3327.14,0
3519,1,0,0,1.0,3,10,568.85,787.35,0
2496,1,1,0,0.0,4,23,1312.45,1545.65,0
5528,1,0,0,1.0,3,51,2553.35,2553.35,0
4452,12,0,1,0.0,4,15,1288.3,1267.66,0
2173,12,0,0,0.0,5,22,419.9,1477.22,0
5309,24,0,1,0.0,4,71,6766.95,10105.37,0
4403,1,1,0,1.0,5,18,747.2,1400.46,0
3335,1,0,0,1.0,1,3,169.45,178.09,1
5747,24,1,1,0.0,5,71,1847.55,2500.75,0
5577,24,1,1,1.0,3,56,1385.85,3151.53,0
3670,1,0,1,1.0,1,19,1931.75,1973.36,1
2640,1,0,0,0.0,4,37,3646.8,4454.88,0
5114,12,0,0,0.0,3,63,4448.8,7409.17,0
4989,1,0,0,1.0,1,1,49.55,73.79,1
4603,1,1,1,1.0,5,55,5099.15,6339.95,0
2091,1,0,0,1.0,1,32,2276.95,3295.68,1
2709,1,0,0,1.0,5,10,653.15,1023.95,0
4722,24,1,1,1.0,5,70,1764.75,2063.65,0
2047,1,1,0,0.0,4,18,357.0,619.8,0
5433,1,0,0,0.0,3,1,39.65,59.65,1
3345,24,0,0,0.0,4,7,280.0,280.0,0
5875,1,0,1,1.0,3,55,4959.6,5239.0,0
4278,24,0,1,0.0,4,71,6365.35,7008.61,0
3523,1,0,0,0.0,4,4,135.75,185.75,0
5871,1,0,1,1.0,5,54,4869.5,6776.78,0
4603,24,1,1,1.0,3,71,6910.3,9685.69,0
2606,1,1,0,0.0,5,11,250.8,434.17,0
4288,1,0,1,0.0,4,4,214.55,239.63,0
4811,12,1,0,0.0,3,52,5244.45,5659.93,0
4797,24,1,1,0.0,4,43,1070.15,2387.67,0
4880,1,0,1,0.0,1,1,85.7,131.51,1
3041,24,0,0,0.0,4,32,2665.0,4220.84,0
5394,24,1,0,1.0,3,71,6029.9,7650.83,0
2283,1,1,0,0.0,2,6,531.0,783.48,1
2934,24,0,0,0.0,3,45,3533.6,4704.05,0
5512,24,0,1,1.0,3,72,1710.9,4179.78,0
4052,12,0,0,0.0,3,35,638.0,908.9,0
6483,1,0,1,0.0,4,56,4902.8,7300.16,0
5140,1,0,0,1.0,5,23,1221.55,2116.94,0
6171,24,1,1,1.0,3,71,7159.7,9426.94,0
3061,12,0,1,0.0,4,48,4744.35,5026.11,0
5398,24,0,0,0.0,3,72,1496.45,2423.09,0
4574,24,0,0,0.0,4,22,1304.85,1304.85,0
5670,1,0,1,1.0,1,12,713.75,1148.63,1
5791,24,0,1,0.0,3,72,7758.9,9411.3,0
5840,24,0,0,0.0,3,70,2692.75,2692.75,0
4544,1,0,1,1.0,4,9,784.45,1143.51,0
6441,12,0,1,0.0,3,65,6792.45,7874.7,0
4977,12,1,0,1.0,3,13,701.05,956.24,0
4689,1,0,0,0.0,2,1,45.65,82.64,1
3556,24,1,0,0.0,5,40,777.35,897.75,0
3192,1,0,0,0.0,3,1,19.65,36.56,0
3721,1,0,0,0.0,2,8,438.4,722.64,1
5209,1,1,0,1.0,4,12,306.05,712.85,0
3255,1,0,0,0.0,5,1,55.25,154.44,0
5242,12,0,0,1.0,3,24,1732.6,2634.12,0
5299,1,0,1,0.0,2,2,193.8,279.58,1
3705,24,1,1,0.0,3,12,269.65,583.69,0
4247,24,0,0,0.0,3,52,1982.1,2112.1,0
4246,24,0,1,0.0,3,56,1444.05,4121.97,0
5525,1,0,1,0.0,1,13,1230.25,1313.93,1
4811,1,0,1,0.0,1,1,102.45,128.33,1
3248,1,0,0,0.0,3,23,996.85,1011.01,0
4192,1,0,0,0.0,1,5,453.4,608.85,1
5064,1,0,0,0.0,3,5,109.8,148.95,0
5644,24,1,0,1.0,5,64,3210.35,3210.35,0
2494,24,0,0,1.0,5,37,1315.0,1315.0,0
3687,1,0,1,0.0,1,13,896.75,934.71,1
5261,24,1,0,0.0,3,70,1401.4,4105.5,0
4256,24,0,1,1.0,4,72,7114.25,9871.85,0
4842,1,0,0,1.0,1,1,25.05,25.05,1
3243,12,1,0,0.0,3,21,350.1,728.1,0
3527,1,0,0,0.0,3,2,146.65,179.03,0
5846,1,0,0,0.0,5,5,202.15,257.1,0
5901,24,0,1,1.0,3,72,1723.95,1857.87,0
2910,12,0,0,1.0,4,18,407.05,745.45,0
2202,1,0,0,0.0,2,11,1047.7,1091.26,1
5573,1,0,0,0.0,3,2,47.5,47.5,1
4815,1,0,0,1.0,3,1,79.95,83.08,1
4085,12,1,1,0.0,4,20,1588.75,1957.25,0
4648,1,0,0,1.0,2,2,72.4,72.4,1
4517,24,0,0,1.0,5,49,3721.9,4089.89,0
5206,12,1,1,0.0,4,64,5980.75,8378.83,0
4621,12,0,0,1.0,4,66,3465.7,4228.66,0
5905,1,0,0,1.0,4,59,2666.75,2686.75,0
5900,1,0,0,1.0,1,9,703.55,1031.42,1
3106,1,1,0,0.0,3,39,1131.3,1281.3,1
5151,1,1,1,0.0,3,34,3625.2,4054.36,0
6349,24,1,1,0.0,3,62,7159.05,9679.97,0
3503,1,0,0,0.0,5,1,75.55,82.66,0
2864,1,0,0,0.0,5,34,673.2,1922.7,0
2675,12,0,0,1.0,4,38,3342.0,4575.42,0
5741,24,0,0,0.0,4,57,4166.35,4534.0,0
5191,1,0,0,1.0,3,2,39.25,52.95,0
5528,1,0,0,1.0,4,3,206.15,339.41,0
4086,24,0,1,0.0,3,72,7920.7,9195.82,0
2596,1,0,1,0.0,3,15,1258.3,2030.25,1
4786,1,0,1,0.0,2,14,1258.6,1667.12,1
3198,1,0,0,1.0,3,9,597.9,964.29,0
4341,1,0,1,0.0,5,32,3334.9,4663.86,0
4348,12,0,1,1.0,1,67,6341.45,8414.43,1
4915,1,1,1,1.0,3,64,5327.25,7102.61,0
4210,24,0,1,0.0,4,46,4903.2,6628.2,0
4591,1,0,0,0.0,3,38,2625.25,3936.58,0
2900,12,0,0,0.0,5,1,74.1,110.15,0
3196,1,1,0,1.0,3,10,196.75,387.25,0
4033,1,0,0,0.0,4,11,838.7,1240.42,0
4544,24,0,1,1.0,1,70,7250.15,8103.45,1
3277,1,0,0,1.0,3,41,3089.1,3133.38,0
4497,1,0,0,0.0,4,15,955.15,1413.25,0
5393,1,0,0,0.0,1,9,639.65,764.39,1
3278,12,0,1,0.0,5,32,2333.05,2826.17,0
3402,1,0,0,1.0,5,19,1682.4,1834.21,0
5392,1,0,0,1.0,1,28,2068.55,3308.39,1
3897,24,1,0,0.0,5,34,1325.85,1325.85,0
6466,24,0,1,1.0,4,70,5265.55,8026.15,0
5033,24,0,0,0.0,4,1,71.25,98.85,0
2167,1,0,0,0.0,2,18,810.7,810.7,1
4134,1,1,0,1.0,3,18,467.85,467.85,0
4485,24,1,0,1.0,3,70,1360.25,4760.15,0
4261,12,0,1,0.0,1,72,8109.8,10351.16,1
2168,1,0,0,0.0,5,3,189.1,289.69,0
5327,12,0,0,0.0,3,62,4487.3,5358.4,0
6139,12,0,1,1.0,4,62,6001.45,7893.07,0
4280,24,0,1,1.0,4,70,8244.3,9761.9,0
4243,1,0,1,0.0,1,1,79.15,103.63,1
4643,1,0,1,0.0,5,33,3320.6,3867.41,0
5764,24,0,0,1.0,5,56,1080.55,1858.39,0
4154,1,0,1,0.0,1,12,916.9,1404.46,1
5984,1,0,0,0.0,3,4,77.5,228.14,1
5452,12,0,1,0.0,1,64,6254.2,8054.52,1
5939,24,1,1,0.0,5,23,514.75,1102.17,0
5789,1,1,1,0.0,1,47,4749.15,6222.6,1
4296,24,0,1,1.0,3,71,6585.35,9462.27,1
5994,1,0,0,0.0,3,2,45.3,97.14,0
5340,1,1,1,0.0,1,49,5036.3,7208.47,1
4254,12,0,0,1.0,5,48,1004.5,1533.46,0
5127,24,0,0,1.0,4,72,5265.2,6922.64,0
3513,1,1,1,0.0,3,23,1868.4,2094.72,0
4165,24,1,0,1.0,3,68,1377.7,3789.24,0
4773,1,0,0,0.0,1,1,44.15,52.92,1
2810,12,0,0,0.0,3,29,1734.5,2153.84,0
4488,1,0,1,1.0,3,47,4707.1,6500.15,0
4928,12,0,0,1.0,4,60,2773.9,2773.9,0
5414,12,0,0,1.0,3,53,4867.95,5703.76,1
3007,1,1,0,0.0,5,1,19.2,51.98,0
5267,1,0,0,1.0,3,7,669.0,753.35,1
5288,12,1,0,0.0,4,32,3131.55,4559.39,0
6173,24,1,1,0.0,3,72,8308.9,11688.9,0
5261,1,0,1,0.0,4,65,7107.0,9822.7,0
5712,1,0,0,1.0,5,26,511.25,858.09,0
2267,1,1,0,0.0,3,9,870.25,1249.15,0
3096,1,1,0,0.0,5,34,3091.75,3701.06,0
3744,1,0,1,1.0,5,34,3414.65,4614.51,0
3958,1,0,0,0.0,1,1,35.55,35.55,1
5153,1,0,0,1.0,1,24,1240.25,1240.25,1
5702,1,0,0,0.0,2,10,291.4,401.4,1
5441,1,1,0,1.0,1,1,19.9,65.67,1
5096,24,0,1,1.0,3,72,7556.9,10814.34,0
4444,24,0,1,1.0,5,62,1424.6,4445.86,0
2227,1,1,0,0.0,2,4,268.35,364.26,1
2081,1,1,0,1.0,4,3,239.45,310.61,0
4841,1,0,0,0.0,5,2,31.2,46.8,0
4784,24,1,0,0.0,4,49,1024.65,2577.95,0
5674,24,0,1,1.0,4,52,1270.25,1546.89,0
3895,1,0,0,0.0,4,13,1011.8,1571.68,0
3330,1,0,1,0.0,3,6,560.6,844.7,1
5819,1,1,0,1.0,4,14,1046.5,1368.5,0
2875,1,0,0,0.0,3,22,1098.85,1098.85,0
2613,24,0,1,1.0,4,48,4473.45,4766.25,0
4994,1,1,1,1.0,3,27,1929.0,2611.02,0
2189,1,1,1,1.0,3,6,184.05,413.73,0
4421,12,0,1,1.0,2,67,5918.8,7821.6,1
2050,12,0,0,0.0,5,24,531.55,1666.99,0
4884,24,0,1,1.0,3,69,1641.8,4340.87,0
6117,12,0,1,0.0,2,66,6975.25,8806.75,1
5185,24,0,0,0.0,3,52,2566.3,2566.3,0
5695,1,0,0,1.0,4,3,63.15,107.52,0
3123,1,0,0,0.0,1,21,2110.15,2460.22,1
2573,1,0,0,1.0,2,9,248.95,258.95,1
6141,24,0,1,1.0,5,66,1683.6,3054.42,0
4272,12,1,0,0.0,5,9,172.35,285.3,0
4577,12,1,0,1.0,3,61,2961.4,5575.25,0
5012,1,1,1,1.0,3,56,5953.0,6733.64,0
5641,1,0,1,0.0,1,25,2362.1,3234.1,1
5904,12,1,0,0.0,4,40,3355.65,3893.9,0
5311,12,0,0,1.0,3,51,4267.15,5659.45,0
5039,12,0,0,0.0,3,10,225.85,382.95,0
4948,12,0,0,1.0,5,18,957.1,1766.56,0
5633,1,0,0,0.0,3,1,74.35,79.15,1
5228,1,0,1,1.0,3,1,86.6,92.03,1
4836,12,0,0,1.0,3,53,1039.45,1626.33,0
5514,24,0,1,0.0,3,56,5594.0,5894.64,0
4941,12,0,1,0.0,4,68,7110.75,7873.71,0
4260,24,1,1,1.0,4,57,5012.35,5515.42,0
5769,24,0,0,0.0,4,62,5215.25,7893.65,0
4429,1,0,0,0.0,2,37,973.55,973.55,1
5925,24,0,1,0.0,3,72,7689.95,8124.11,1
6079,24,1,1,1.0,3,67,4615.9,5609.51,0
4442,12,1,0,0.0,4,15,950.75,1606.1,0
2850,1,0,1,1.0,3,1,85.8,120.27,1
3558,24,0,1,0.0,5,23,1835.3,2020.45,0
2518,1,0,1,0.0,1,27,2180.55,2847.99,1
5659,1,0,0,1.0,1,17,900.5,1657.36,1
5209,24,0,0,1.0,3,70,1462.05,2575.05,0
2698,1,1,0,0.0,3,20,406.05,701.85,0
4621,12,0,1,0.0,4,52,5376.4,6892.2,0
6149,24,0,1,0.0,3,61,5308.7,6739.15,0
3944,24,1,0,1.0,3,39,757.95,1378.44,0
5606,12,0,0,0.0,5,27,501.35,1046.21,0
5548,1,0,1,1.0,4,50,4914.9,5793.9,0
4655,1,0,0,0.0,1,2,74.9,134.7,1
2499,12,1,1,0.0,4,25,1466.1,2643.6,0
5103,12,0,0,0.0,3,29,1082.75,1082.75,0
4803,24,1,1,1.0,4,67,6302.8,7066.6,0
4441,1,0,0,1.0,5,1,19.75,29.97,0
4233,1,0,1,0.0,1,37,3762.0,5104.73,1
4848,12,0,0,0.0,3,52,1012.4,1395.33,0
4235,1,0,0,1.0,1,2,113.35,124.01,1
6311,24,0,1,0.0,4,61,5971.25,7038.14,0
3676,1,0,1,0.0,3,38,3479.05,3962.03,0
4839,1,0,1,0.0,2,52,5624.85,6147.93,1
5388,1,0,0,0.0,4,18,550.35,550.35,0
2969,1,0,0,1.0,2,5,330.15,415.55,1
3072,1,1,0,1.0,4,19,566.1,566.1,0
2131,1,1,0,0.0,2,4,229.55,338.51,1
4324,1,0,0,1.0,2,59,2452.7,2452.7,1
2328,1,0,0,1.0,4,4,227.35,383.19,0
3446,1,0,0,0.0,4,16,799.0,1574.2,0
3666,1,0,0,0.0,5,3,141.7,202.81,0
3093,12,1,0,0.0,3,39,2343.85,3022.05,0
4115,24,0,1,1.0,4,43,4895.1,5952.89,0
2905,1,0,1,1.0,2,1,90.6,103.62,1
3186,1,1,1,0.0,3,20,1916.2,2690.4,0
4487,24,0,1,0.0,3,71,6223.8,8397.48,0
4115,1,0,0,1.0,1,3,51.15,163.98,1
4697,24,0,1,0.0,4,62,6912.7,9059.14,0
4094,1,0,1,1.0,3,59,4949.1,6791.67,0
2860,1,0,0,0.0,2,2,59.05,59.05,1
5024,1,0,0,1.0,1,25,853.0,853.0,1
5189,24,0,1,1.0,4,69,5502.55,7407.6,0
6270,24,0,1,0.0,4,64,6538.45,7830.61,0
2332,1,0,1,0.0,4,35,2848.45,4271.96,0
5535,12,0,0,0.0,4,9,463.6,463.6,0
6307,24,0,1,1.0,4,62,5150.55,5437.27,0
3468,1,0,0,1.0,5,48,4834.0,4845.51,0
2320,24,1,0,0.0,4,46,967.85,3152.85,0
4457,1,0,0,0.0,3,47,3309.25,4548.91,1
2078,1,0,1,0.0,1,2,147.15,223.71,1
6373,24,1,0,0.0,5,63,1177.05,3073.35,0
3597,1,0,1,1.0,3,30,2852.4,2938.5,0
2031,1,0,1,0.0,1,7,673.25,1012.46,1
2862,1,1,1,0.0,4,13,930.05,1109.06,0
2617,12,1,0,0.0,5,48,1388.75,1388.75,0
5638,12,0,0,0.0,3,35,1930.9,1930.9,0
3265,24,1,0,0.0,5,42,4303.65,4832.85,0
5988,12,1,0,0.0,4,12,368.85,368.85,0
6247,12,0,1,1.0,3,69,7386.05,10461.38,0
2751,24,0,0,0.0,3,36,1901.25,1901.25,0
3153,1,1,0,1.0,3,25,2199.05,2493.8,0
4285,24,1,0,1.0,4,66,5196.1,6019.78,0
2496,1,0,0,0.0,4,3,113.95,113.95,0
4116,24,1,1,0.0,3,72,5959.3,6883.78,0
2159,1,1,1,0.0,4,23,1652.1,2267.48,0
5565,1,0,0,1.0,1,12,1029.75,1408.73,1
5076,24,0,1,0.0,3,72,8312.4,8432.64,0
4512,1,0,1,0.0,2,66,6871.9,10162.0,1
3591,1,0,1,0.0,1,7,673.1,741.0,1
5824,1,0,0,0.0,2,5,219.0,219.0,1
4370,1,0,0,0.0,4,2,111.05,121.21,0
5998,1,1,0,0.0,3,3,200.2,171.41,0
3771,24,0,1,0.0,4,14,1013.35,1649.79,0
4194,1,1,0,0.0,3,8,330.8,330.8,0
6009,24,1,0,1.0,3,65,1267.05,3442.6,0
3157,1,0,0,0.0,4,14,1122.4,1184.7,0
4556,1,1,1,1.0,3,1,25.4,58.13,0
2535,12,0,1,1.0,3,45,4525.8,4632.9,0
4302,24,0,1,0.0,4,61,4860.85,7495.96,0
5207,24,0,0,1.0,1,65,4820.15,7450.7,1
5172,1,0,0,0.0,2,57,2572.95,2560.88,1
4159,12,0,1,0.0,5,60,4847.05,5813.65,0
4461,24,1,1,1.0,3,72,6565.85,7178.57,0
6351,12,0,1,0.0,4,65,7138.65,9290.8,0
4344,12,0,1,1.0,3,61,6363.45,9150.54,0
5381,1,0,0,1.0,3,18,607.3,657.3,0
5332,1,0,0,1.0,4,13,275.4,561.53,0
4667,1,0,0,1.0,1,6,208.7,208.7,1
3108,1,0,0,1.0,2,1,79.6,101.32,1
3003,1,0,1,1.0,3,8,436.6,822.2,0
5922,1,0,0,1.0,5,8,393.45,412.49,0
5579,1,0,0,0.0,5,1,89.25,105.89,0
2111,12,0,0,0.0,5,23,486.2,1317.42,0
6060,24,1,1,0.0,4,67,7530.8,10275.12,0
5334,1,1,1,1.0,5,18,1406.65,2146.09,0
4574,24,0,0,1.0,4,65,6496.15,7681.1,0
5119,1,0,1,1.0,1,11,896.9,1023.4,1
4851,1,0,0,0.0,3,1,19.75,49.08,1
4537,24,0,1,1.0,4,49,4060.9,6177.21,0
6481,1,0,1,0.0,2,53,5149.5,7361.72,1
5246,12,0,0,1.0,4,41,3187.65,4219.21,0
3877,12,0,1,0.0,4,41,2839.95,3358.36,0
3332,1,1,0,1.0,3,7,465.7,465.7,0
2240,1,0,0,1.0,1,6,305.1,305.1,1
4293,24,0,1,1.0,3,59,3116.15,6035.47,0
4534,1,0,0,1.0,1,1,29.95,29.95,1
5014,1,0,1,0.0,1,22,1910.6,2925.02,1
3772,24,1,1,1.0,3,38,963.95,2221.75,0
3091,12,0,0,0.0,3,45,5031.85,6324.25,0
4134,1,0,0,1.0,1,2,92.45,119.91,1
5758,24,0,1,0.0,4,72,7875.0,9405.72,0
6481,24,1,1,1.0,3,71,8297.5,10237.91,0
2499,12,0,0,1.0,3,23,1327.85,1535.77,0
4036,24,0,0,0.0,3,72,4719.75,4719.75,0
2567,1,0,1,0.0,1,1,76.0,111.01,1
3336,1,0,1,1.0,1,20,1727.5,2313.3,1
3966,1,0,1,1.0,1,32,3351.55,4710.14,1
5660,12,1,0,0.0,3,57,3053.0,4022.57,0
4358,12,0,0,0.0,5,50,943.1,2348.1,0
2784,12,0,1,0.0,5,21,1497.05,2233.35,0
4418,1,1,0,0.0,5,41,1841.9,3438.44,0
3226,1,0,1,0.0,1,16,1284.2,1571.56,1
4635,12,0,1,0.0,3,53,5311.85,6869.52,0
5955,1,0,0,0.0,4,56,4952.95,5123.53,0
2978,1,0,0,0.0,3,1,49.8,88.01,0
4962,24,0,0,1.0,3,27,531.6,1605.39,0
2068,12,0,1,1.0,3,26,2312.55,2931.14,0
5676,24,0,1,1.0,4,22,605.9,722.06,0
4323,1,0,0,1.0,1,3,58.15,103.51,1
4580,1,0,0,0.0,4,17,382.8,382.8,0
3669,1,0,1,0.0,4,33,3270.25,4725.55,0
3591,1,0,0,0.0,3,3,240.45,288.9,1
5298,24,1,0,0.0,4,62,6825.65,6934.77,0
4186,12,1,0,0.0,3,37,755.4,1133.91,0
2893,1,0,1,1.0,5,9,816.8,1176.8,0
4123,1,0,0,0.0,5,15,311.6,363.95,0
4796,24,0,1,1.0,3,72,8317.95,10385.79,0
2894,12,0,0,0.0,3,5,85.1,111.1,0
2322,12,0,1,0.0,3,37,2911.8,3254.42,0
5503,1,0,1,0.0,4,30,3211.9,4546.6,0
5084,24,0,0,0.0,3,59,1099.6,2656.55,1
3963,1,0,0,0.0,2,1,70.75,96.75,1
4296,12,0,0,1.0,4,26,1362.85,1362.85,0
4481,24,0,0,1.0,3,72,3937.45,3937.45,1
4823,1,0,0,0.0,4,2,38.0,106.76,0
4591,1,0,0,0.0,5,25,1797.75,2725.25,0
6350,12,0,1,1.0,3,69,7220.35,8630.71,1
4254,24,1,0,0.0,5,53,1146.05,3462.68,0
2704,12,0,0,0.0,1,39,3182.95,4575.25,1
5812,1,0,1,1.0,2,50,5017.9,7128.4,1
4157,1,0,0,1.0,3,2,168.2,189.26,1
5029,1,0,0,1.0,5,6,123.65,382.73,0
4928,12,0,1,1.0,4,66,6056.9,7355.78,0
3935,24,0,0,0.0,3,26,2067.0,3269.24,0
4307,12,0,0,0.0,3,45,1840.75,1840.75,0
4862,1,0,0,0.0,4,12,227.45,657.17,0
4921,24,0,0,1.0,3,72,4464.8,4464.8,0
4545,1,0,0,1.0,3,2,144.8,231.92,0
4058,1,1,0,0.0,3,7,158.95,194.02,0
4052,24,1,0,1.0,3,27,509.3,1380.86,0
4741,1,1,0,1.0,3,43,1224.05,1224.05,0
4711,12,1,0,1.0,3,28,1516.6,2480.64,0
5496,1,0,1,0.0,3,62,5586.45,6758.25,0
3327,1,0,0,0.0,1,16,1167.8,1902.2,1
5135,1,0,1,0.0,1,50,4116.15,5882.65,1
2450,1,0,0,0.0,3,3,141.5,250.94,1
6041,1,0,0,0.0,1,55,2978.3,3028.3,1
6082,24,0,1,1.0,5,72,7325.1,10481.58,0
3848,1,0,0,0.0,1,1,19.45,42.37,1
5602,1,0,1,1.0,5,45,3775.85,3847.4,0
4914,1,0,0,1.0,3,41,3851.45,5796.31,0
6107,24,1,0,0.0,4,72,4684.3,4684.3,0
4434,12,1,1,1.0,3,10,693.3,835.7,0
4320,12,0,0,1.0,5,30,1929.95,2766.35,0
4520,24,0,1,1.0,3,72,6185.15,6795.71,0
5328,24,1,1,1.0,5,60,6758.45,9346.4,0
2629,1,0,0,0.0,5,6,340.4,565.82,0
3624,1,0,0,0.0,1,12,593.75,1272.71,1
3042,1,0,0,1.0,3,11,818.45,1020.08,0
2403,12,0,1,0.0,1,46,4874.8,4983.82,1
3103,1,1,0,1.0,5,15,639.45,1003.5,0
2530,1,1,0,0.0,5,10,551.3,608.7,0
4020,1,0,0,0.0,4,26,1406.9,2442.74,0
4993,24,0,1,1.0,3,72,6448.85,6864.29,0
2546,12,0,1,0.0,4,37,3358.65,4996.93,0
4478,12,0,0,0.0,4,54,5299.65,7150.23,0
3785,1,1,0,0.0,2,20,374.5,830.1,1
5683,1,0,1,1.0,1,19,1775.8,2535.23,1
4444,24,1,1,0.0,5,67,1620.45,2585.92,0
5910,24,0,1,0.0,1,66,5154.6,7286.58,1
2601,1,0,0,0.0,3,18,669.85,669.85,1
5110,1,0,1,1.0,4,23,2044.95,2554.86,0
3000,1,0,0,1.0,3,13,649.4,649.4,0
3519,12,0,0,0.0,3,23,1689.45,2411.42,0
3727,1,0,0,1.0,4,22,471.55,928.71,0
4818,12,0,0,0.0,5,15,270.6,624.0,0
3392,24,1,0,0.0,5,46,936.85,1622.71,0
5774,1,0,0,0.0,3,1,20.35,64.44,0
2916,12,0,0,1.0,3,19,279.2,605.43,0
5189,12,0,1,0.0,4,64,7396.15,10368.31,0
5456,1,0,0,0.0,5,20,1540.35,2410.15,0
3387,12,0,0,1.0,3,40,3132.75,3651.55,0
5756,1,0,1,0.0,4,3,86.35,165.34,0
2887,1,0,0,0.0,3,12,518.9,652.34,1
5091,1,0,0,1.0,3,16,834.15,983.91,1
4154,1,0,1,0.0,1,7,631.85,949.73,1
4890,24,0,0,0.0,4,71,1416.5,4102.43,0
4161,12,0,0,1.0,2,33,3036.75,4476.15,1
4494,12,0,1,1.0,3,66,6779.05,7860.79,0
2782,24,0,0,0.0,3,18,388.6,861.28,0
3061,1,0,0,0.0,5,1,20.7,66.56,0
2454,1,0,0,1.0,5,41,1677.85,1677.85,0
3463,1,0,0,0.0,4,35,1982.6,3550.95,0
4572,12,0,1,0.0,4,41,2877.05,4391.18,0
3527,1,0,1,1.0,5,2,101.65,154.25,0
5887,24,0,1,0.0,5,67,1733.15,4100.93,0
4266,24,0,0,0.0,4,72,4807.45,4807.45,0
2568,1,0,1,1.0,3,34,3480.0,4285.06,1
5359,24,1,0,1.0,5,11,202.3,230.02,0
6174,24,0,0,0.0,3,60,3766.2,5099.4,0
4103,12,1,1,0.0,3,67,7281.6,7464.36,0
4183,1,0,0,1.0,2,3,267.6,426.88,1
5192,12,0,1,1.0,4,70,7930.55,8334.45,0
3797,1,0,0,0.0,1,17,770.6,1466.41,1
4747,1,0,1,0.0,1,51,4812.75,5887.83,1
3016,1,0,0,0.0,2,9,890.6,1047.83,1
4825,24,0,1,0.0,3,54,5064.85,5699.89,0
5540,24,0,1,0.0,4,68,4859.95,5616.11,0
2725,1,0,0,0.0,4,30,1530.6,2112.9,0
4871,1,0,1,0.0,2,42,3541.35,3941.61,1
2495,12,0,1,0.0,3,12,876.75,1177.83,0
4641,24,1,1,1.0,4,72,6501.35,8562.71,0
6419,24,1,0,0.0,3,72,7854.9,10175.46,0
5820,1,0,0,1.0,3,1,19.45,66.04,0
5291,12,0,1,0.0,5,70,7308.95,10067.14,0
4558,1,1,1,0.0,4,29,2211.8,2406.97,0
6116,24,1,1,1.0,3,70,8152.3,11006.2,0
4864,1,0,0,1.0,3,30,1536.75,1858.95,0
2853,12,0,1,0.0,3,33,1952.8,2292.04,0
3549,1,0,1,0.0,3,22,1821.95,2304.35,0
3874,1,0,0,1.0,2,1,19.85,51.62,1
6015,24,1,0,1.0,3,71,1397.3,2852.09,0
2066,1,0,0,0.0,3,1,79.7,113.58,1
4669,12,0,0,0.0,5,34,678.8,1563.82,0
5148,12,0,1,0.0,4,38,3591.25,5554.41,0
2969,1,0,0,1.0,3,2,178.7,226.8,1
4390,1,0,1,0.0,1,1,101.45,111.83,1
4223,24,0,1,1.0,3,45,3062.45,3893.15,0
5703,24,0,0,1.0,3,36,689.0,995.0,0
2045,24,1,0,0.0,3,14,1054.8,1569.02,0
5628,12,0,0,0.0,3,51,3562.5,4477.95,0
4030,24,0,1,1.0,5,26,2404.1,3055.14,0
4160,1,0,1,0.0,1,6,469.8,507.72,1
5368,24,0,0,0.0,3,65,1414.45,2939.35,0
4824,24,0,0,1.0,3,66,4193.4,4323.4,0
5188,1,1,0,1.0,3,19,377.55,835.45,0
6340,12,1,0,0.0,3,52,2276.1,2252.6,0
4698,12,0,0,0.0,4,71,4689.15,4689.15,0
6312,12,0,0,1.0,3,63,3503.5,5228.44,0
4091,1,0,0,0.0,2,1,95.6,102.27,1
5437,12,0,0,1.0,4,5,341.6,389.4,0
3475,1,0,0,0.0,4,4,235.05,262.13,0
2675,1,1,0,1.0,4,8,163.6,288.88,0
2740,1,0,0,1.0,1,1,45.1,60.34,1
6297,24,0,0,1.0,3,72,6033.1,8557.42,0
4411,24,0,1,0.0,4,15,387.9,1088.1,0
4138,12,0,1,0.0,4,66,7051.95,7531.53,0
5808,1,0,1,0.0,1,4,346.2,539.6,1
5853,1,0,0,0.0,2,25,2257.75,2873.75,1
4517,1,0,0,1.0,2,1,23.45,23.45,1
4416,1,0,0,0.0,3,3,92.25,92.25,0
4463,12,0,1,0.0,4,56,6139.5,8778.78,0
5195,12,1,1,0.0,3,28,1381.8,1593.68,0
2219,24,1,1,1.0,3,12,313.0,842.44,0
5542,24,0,0,1.0,4,33,2651.1,3801.15,0
3968,1,0,0,0.0,4,1,19.55,60.18,0
6251,24,0,0,0.0,3,65,3921.1,3921.1,0
2606,1,0,0,0.0,5,2,42.45,136.83,0
4997,12,0,1,1.0,3,27,2857.6,3823.12,0
3065,1,0,0,0.0,1,1,56.25,82.39,1
3461,12,1,0,1.0,4,6,113.5,122.92,0
3533,1,0,0,1.0,3,2,171.15,205.81,1
6495,1,1,0,0.0,3,61,2117.2,2227.2,0
3043,1,1,0,1.0,5,36,702.9,1443.42,0
5683,12,0,0,0.0,4,69,4263.4,4263.4,0
5182,12,0,1,0.0,4,55,5409.75,7037.75,0
2075,12,0,0,0.0,3,35,2021.2,3364.5,0
3962,1,0,0,0.0,1,6,497.55,653.13,1
2406,1,0,0,1.0,5,3,67.1,116.27,0
3209,1,0,1,1.0,1,17,1463.45,2089.39,1
4399,24,0,0,1.0,5,56,4534.45,7298.61,0
5359,1,0,0,1.0,5,60,3582.4,3582.4,0
4368,12,0,0,1.0,4,44,3990.75,5547.91,0
3368,1,0,0,0.0,3,5,318.5,468.75,1
5790,24,0,0,1.0,5,60,3590.2,3590.2,0
3160,12,0,0,0.0,3,33,1857.3,2367.15,0
5537,1,0,0,0.0,4,1,19.55,27.78,0
5868,1,1,0,0.0,4,3,60.65,119.39,0
4969,1,0,1,0.0,1,25,2660.2,3572.7,1
3705,1,0,0,1.0,3,16,275.7,341.78,0
5061,12,0,1,1.0,3,62,6312.9,7722.78,0
5517,12,1,1,1.0,4,66,1714.55,4541.99,0
4565,24,0,0,1.0,3,57,1252.85,1993.28,0
4067,1,1,0,1.0,3,1,44.4,51.54,1
4460,1,0,1,0.0,4,33,2989.6,3542.68,0
5228,24,0,1,0.0,4,68,6132.7,8962.18,0
3353,1,1,0,1.0,4,12,355.9,355.9,0
4168,24,0,1,0.0,4,65,6223.3,8329.95,0
3330,1,0,1,0.0,2,12,1059.55,1207.87,1
4278,24,0,0,0.0,5,62,1253.65,2132.19,0
6087,24,1,1,0.0,4,72,5714.2,9250.84,0
6342,24,1,0,0.0,4,71,1326.35,2521.99,0
4870,24,1,0,0.0,5,27,550.1,614.9,0
4001,24,0,1,1.0,4,67,6368.2,7624.0,0
6339,24,0,0,0.0,5,58,1035.5,2706.78,0
6130,1,0,1,1.0,4,54,6118.95,8813.55,0
5504,12,0,1,1.0,2,66,6890.0,8214.62,1
6265,24,0,0,1.0,3,53,1052.35,2441.48,1
4061,1,0,0,0.0,2,10,435.4,931.2,1
5014,24,0,1,0.0,4,11,580.8,596.51,0
3371,1,0,1,0.0,3,38,2656.3,3461.52,0
5256,24,0,1,1.0,5,65,5324.5,8026.55,0
5392,12,1,1,0.0,4,70,4551.5,6394.03,0
3967,1,0,0,1.0,2,1,85.55,118.89,1
5980,24,0,0,1.0,5,6,124.45,168.55,0
4850,24,0,0,0.0,4,64,3423.5,3423.5,0
4321,1,0,1,0.0,3,21,2119.5,2309.76,1
2785,1,0,1,1.0,3,35,2636.05,3512.45,1
5165,1,0,1,0.0,1,38,2869.85,3469.49,1
5781,1,0,1,0.0,5,23,2249.1,2581.45,0
4599,1,1,0,0.0,2,1,44.35,84.77,1
3605,1,0,0,1.0,3,13,923.85,1051.96,0
2140,1,0,1,1.0,2,4,365.4,452.64,1
4312,24,0,1,0.0,4,64,1714.95,4875.91,0
4909,1,0,0,0.0,3,8,369.3,456.58,0
5925,1,0,0,0.0,1,10,528.35,622.45,1
5023,12,0,1,1.0,4,49,5166.2,6953.23,0
3949,1,0,0,0.0,2,7,526.7,811.17,1
4054,1,0,0,1.0,3,5,378.4,439.75,1
6026,24,1,0,0.0,3,60,3694.45,6288.85,0
5194,24,0,1,0.0,3,33,740.3,1870.48,1
5631,1,0,1,1.0,4,13,995.35,1544.55,0
2783,1,0,0,1.0,5,13,232.1,834.0,0
5772,1,1,1,1.0,3,14,1137.05,1273.83,0
2382,12,0,1,0.0,4,47,1250.85,1799.81,0
3438,1,0,0,1.0,1,16,342.4,434.24,1
5344,12,0,0,1.0,3,33,2453.3,4065.35,0
2636,12,0,1,1.0,4,45,4459.8,4770.3,0
2007,24,0,0,1.0,3,39,826.0,861.31,0
4943,1,0,0,1.0,5,13,331.85,283.26,0
5465,1,1,0,0.0,4,17,920.5,1264.41,0
5884,12,1,1,0.0,3,43,4013.8,5803.77,0
3364,1,0,0,1.0,1,39,3266.0,4835.75,1
4288,24,0,1,1.0,4,72,5401.9,7035.42,0
3446,12,1,0,1.0,4,48,2651.2,4489.6,0
5381,1,0,1,0.0,5,34,2425.4,2495.78,0
3273,1,0,0,0.0,1,3,168.15,208.77,1
5214,1,0,1,0.0,2,47,4504.55,5172.89,1
5916,1,1,0,0.0,3,11,321.05,321.05,0
5651,1,0,1,1.0,2,49,4515.85,6714.97,1
4077,12,0,1,1.0,4,48,2985.25,5231.81,0
4305,24,1,1,1.0,3,71,7061.65,8178.48,0
4523,12,1,0,1.0,3,53,5036.9,6825.12,0
2044,12,0,0,1.0,2,42,1445.3,1495.3,1
4872,24,0,0,1.0,4,65,6725.5,9097.35,0
4658,24,0,1,1.0,3,71,6388.65,7801.55,0
2681,1,0,0,0.0,4,29,2623.65,3008.33,0
4391,12,1,0,1.0,5,55,1001.5,3162.45,0
5225,1,0,0,0.0,5,13,849.1,1324.51,0
5388,24,0,0,0.0,3,69,4176.7,4135.49,0
2017,24,0,1,0.0,4,43,1188.2,2285.99,0
2911,1,0,0,1.0,3,24,1218.25,1307.53,0
6445,12,0,0,0.0,4,56,2959.8,2999.8,0
3355,1,0,0,1.0,5,11,827.7,1262.94,0
2660,12,0,0,1.0,4,5,392.5,422.4,0
3834,1,0,0,1.0,2,3,224.05,233.92,1
4444,1,0,0,0.0,1,11,501.0,840.11,1
5515,1,0,0,0.0,3,9,620.55,853.84,1
2682,24,0,0,1.0,4,35,677.9,826.3,0
5759,12,1,0,1.0,3,33,682.15,1380.43,0
3048,1,0,0,1.0,3,42,2536.55,3463.91,0
6022,24,0,1,0.0,5,72,7285.7,9802.1,0
4468,1,0,0,1.0,3,28,1522.65,2867.73,0
5502,24,0,1,0.0,4,68,7279.35,10629.11,0
2009,24,1,0,0.0,4,35,759.35,2415.9,0
5617,1,0,1,1.0,2,6,536.4,799.2,1
4352,1,0,1,0.0,2,63,6603.0,9686.85,1
5184,1,0,1,0.0,1,10,1058.25,1313.55,1
4800,1,0,0,1.0,1,9,328.95,328.95,1
2392,1,0,0,1.0,4,9,147.55,561.46,0
3736,1,0,0,0.0,1,7,354.05,595.48,1
2673,12,0,0,0.0,2,5,347.4,583.65,1
5986,12,1,1,0.0,5,39,958.45,2774.68,0
2953,12,0,0,0.0,5,13,273.25,618.66,0
3918,1,1,0,1.0,3,44,2419.55,4367.57,0
4745,1,0,0,1.0,1,13,1095.3,1460.29,1
6126,24,0,1,0.0,4,72,1849.2,4727.76,0
4340,1,0,1,0.0,2,1,84.5,91.39,1
3398,12,0,1,0.0,3,24,1242.25,1394.31,0
3460,24,0,0,0.0,5,4,91.45,259.37,0
5850,1,0,0,0.0,5,9,781.4,1226.82,0
5764,24,0,1,1.0,3,72,6301.7,9733.22,0
5052,12,0,0,1.0,3,16,296.15,626.55,0
5094,1,0,0,0.0,1,1,53.5,68.08,1
3179,1,1,1,1.0,2,18,1752.55,1910.88,1
5192,24,1,0,1.0,4,72,3880.05,3880.05,0
4512,24,0,1,1.0,3,64,6794.75,9915.15,0
5096,1,0,1,0.0,4,63,6444.05,7562.3,0
5131,1,0,0,0.0,2,13,347.25,347.25,1
4848,24,0,1,0.0,4,72,7751.7,10612.98,0
3091,1,0,0,0.0,1,31,2435.15,3540.93,1
4915,12,0,1,1.0,4,65,6643.5,9023.8,0
5605,1,0,0,1.0,2,4,174.3,184.3,1
5811,24,0,0,1.0,5,9,718.55,952.2,0
5657,24,0,0,0.0,4,65,3857.1,6087.25,0
4840,1,0,0,0.0,3,2,123.8,191.3,0
5172,24,0,0,0.0,3,62,3846.75,5283.91,0
4870,12,0,1,0.0,1,64,6903.1,8453.82,1
4439,12,0,0,1.0,3,6,116.6,189.62,0
5476,24,1,0,1.0,4,48,3238.4,3482.0,0
5671,1,0,0,1.0,1,15,994.8,1064.85,1
5128,24,0,1,0.0,3,69,4254.1,7045.82,0
4753,24,0,1,0.0,4,71,5956.85,7030.37,0
3351,1,0,0,1.0,3,1,35.75,35.75,1
2156,1,0,0,1.0,4,3,229.7,305.9,0
2545,12,1,1,0.0,4,48,3035.35,4294.87,0
4722,12,0,1,0.0,3,66,7238.6,7474.22,0
2429,1,1,0,1.0,4,18,401.95,1039.87,0
6354,24,0,1,0.0,5,70,5931.75,8035.95,0
5122,12,1,0,1.0,5,67,3431.75,6574.05,0
4512,1,0,0,1.0,2,1,70.3,75.97,1
2895,1,0,0,1.0,1,4,396.3,418.82,1
4545,1,0,0,1.0,4,5,266.95,421.55,0
3291,1,0,0,1.0,3,27,2093.4,3134.35,0
2793,24,0,0,0.0,3,46,2460.15,4539.35,1
4483,1,0,0,0.0,4,1,51.25,90.55,0
5171,24,0,0,1.0,4,5,371.6,457.25,0
4739,1,0,1,0.0,2,22,1993.8,2261.98,1
5177,12,0,1,0.0,3,61,6383.9,8587.83,0
4589,24,0,1,1.0,4,72,8496.7,11979.34,0
3778,1,0,1,1.0,3,30,2936.25,3454.05,0
2691,12,0,0,0.0,5,36,620.75,2108.63,0
5500,24,0,0,0.0,4,66,3789.2,3789.2,0
4700,24,0,0,1.0,3,72,3580.95,3580.95,0
5193,12,1,1,0.0,5,11,775.3,1090.34,0
4464,12,1,0,1.0,5,19,344.5,593.97,0
4531,1,0,0,0.0,1,1,46.0,53.74,1
5374,24,1,0,1.0,5,63,2395.05,2395.05,0
4940,1,0,0,0.0,1,17,1625.65,1702.32,1
5385,1,0,0,1.0,5,12,648.65,670.25,0
5084,1,0,1,1.0,5,60,6401.25,8713.85,0
3533,1,0,1,0.0,4,7,533.05,682.64,0
4194,1,0,0,1.0,4,9,180.7,404.71,0
4675,24,0,1,0.0,3,72,4804.75,5901.31,0
3194,1,1,0,0.0,4,48,1423.05,1423.05,0
5737,24,1,0,0.0,3,71,7782.85,9874.22,0
5647,12,1,1,1.0,3,71,6770.85,9222.48,0
3885,1,0,1,1.0,3,11,929.3,1039.96,0
5034,12,0,0,0.0,4,42,2882.25,4533.69,0
4939,1,0,1,1.0,3,4,371.9,486.98,1
5036,1,1,0,1.0,3,22,1271.8,2208.56,0
6018,1,1,0,0.0,3,50,2021.35,2021.35,0
3071,12,0,0,0.0,5,24,482.8,1343.44,0
5890,1,0,0,0.0,2,1,19.1,53.89,1
5694,1,0,0,1.0,3,2,82.7,120.1,0
4972,1,0,0,1.0,3,1,43.3,43.3,1
2508,1,0,1,0.0,3,16,1281.0,1587.88,1
6020,24,0,1,1.0,3,64,6081.4,7574.52,0
5527,12,0,1,0.0,3,47,3865.6,5937.36,0
4625,12,0,1,1.0,3,50,4164.4,6488.9,0
3192,24,0,1,1.0,4,42,3373.4,4224.74,0
3970,1,1,0,1.0,4,26,1025.15,1055.15,0
2960,1,0,0,1.0,1,2,91.1,160.5,1
5403,1,1,1,1.0,4,21,467.15,1123.61,0
4529,24,1,0,0.0,4,52,1078.75,1188.58,0
5293,12,0,0,0.0,3,42,839.4,2860.46,0
5967,1,0,0,0.0,3,5,96.1,218.75,0
4999,1,0,1,0.0,5,15,1451.1,1600.65,0
5905,12,1,0,0.0,4,50,5153.5,7527.5,0
5570,1,0,1,1.0,5,50,5222.35,6104.85,0
4044,1,0,0,1.0,1,43,2076.2,2055.91,1
2642,1,0,0,1.0,4,11,237.3,727.13,0
4681,24,1,0,1.0,3,56,1119.9,3839.26,0
5129,24,0,1,0.0,4,70,6470.1,9165.1,0
5687,1,0,0,0.0,1,1,48.55,59.9,1
3594,24,0,1,0.0,4,48,4370.75,5579.87,0
4106,12,0,1,1.0,3,43,3173.35,5241.65,0
4462,1,1,0,0.0,5,4,85.5,194.98,0
5748,1,0,1,0.0,1,51,3807.35,4718.72,1
4386,24,1,1,1.0,3,22,555.4,1126.96,0
5718,24,0,1,0.0,5,64,7069.25,7492.77,0
4745,1,0,1,0.0,3,43,4156.8,4314.18,0
5233,1,0,0,0.0,4,22,1850.65,2921.61,0
2706,1,0,0,0.0,3,10,185.4,579.3,0
3153,24,1,0,0.0,3,8,201.7,543.06,0
5897,12,1,0,1.0,3,61,1226.45,3147.34,0
5491,1,0,1,0.0,4,29,702.0,833.37,0
5984,1,1,1,0.0,3,41,3645.05,4412.57,0
4442,24,0,0,0.0,4,25,1813.1,2777.85,0
5025,24,0,0,1.0,3,70,7085.5,9959.0,0
4275,1,0,0,0.0,4,3,220.4,249.62,0
4115,1,0,1,1.0,3,60,6411.25,7010.05,0
5614,1,0,0,1.0,3,3,94.4,94.4,0
3280,1,1,1,1.0,3,12,893.0,1206.56,0
2491,1,0,0,1.0,3,3,204.7,211.48,1
5137,24,1,1,1.0,4,56,1402.25,3482.36,0
3360,1,0,1,0.0,5,16,1212.1,1623.46,0
2902,24,1,0,0.0,3,41,804.25,1786.2,0
3067,1,0,0,1.0,1,1,89.3,119.53,1
4001,12,0,1,0.0,4,61,3902.6,5991.24,0
3809,1,0,0,0.0,1,1,55.0,87.74,1
4017,24,1,1,1.0,4,72,8425.15,11033.9,0
2233,12,1,0,1.0,3,22,433.5,1256.3,0
5945,24,0,1,1.0,4,72,8129.3,9472.82,0
4517,1,0,0,0.0,4,1,20.65,55.89,0
4423,12,0,1,1.0,5,14,773.2,1067.62,0
4484,1,1,0,1.0,4,7,150.75,191.63,0
4220,12,0,0,0.0,4,44,835.5,1633.66,0
4850,12,0,1,0.0,5,31,2548.65,3081.23,0
5770,24,0,0,0.0,3,71,5999.85,8713.47,0
2097,1,0,0,0.0,1,46,3969.4,5661.28,1
4105,1,0,1,1.0,2,32,2303.35,3818.23,1
2067,1,0,0,0.0,5,1,20.05,33.56,0
4616,12,0,1,0.0,3,63,5825.5,6505.73,0
4184,12,0,1,0.0,3,50,5265.5,5990.0,0
2400,1,1,0,1.0,4,1,19.0,47.28,0
3999,1,0,1,1.0,5,35,2835.9,3295.8,0
5866,12,0,0,0.0,3,22,1193.05,1930.71,1
3947,1,0,0,1.0,1,1,80.15,84.82,1
2810,1,0,0,0.0,5,1,21.1,39.91,0
2719,12,0,0,1.0,3,41,4162.05,4565.9,0
4828,1,0,1,1.0,5,30,2917.65,4358.25,0
4113,1,0,1,0.0,2,32,3520.75,3774.19,1
2610,24,1,0,0.0,4,46,856.5,1209.32,0
4867,1,0,1,1.0,5,9,791.7,895.2,0
3613,1,0,0,1.0,3,6,336.7,457.36,0
5915,1,0,1,0.0,1,48,5438.9,7504.82,1
4469,1,0,0,0.0,1,17,1214.05,1446.61,1
5108,1,1,0,1.0,3,9,571.45,722.38,0
4219,24,0,0,0.0,3,67,5398.6,8430.35,0
4995,12,0,0,1.0,3,49,4920.8,6583.37,0
5015,1,0,1,1.0,3,68,7320.9,8953.58,0
4792,24,0,0,1.0,3,67,4627.65,4769.69,0
5556,1,0,0,0.0,1,16,1023.9,1613.18,1
4113,12,1,0,0.0,4,36,1939.35,2227.35,0
4729,1,0,1,0.0,3,52,3169.55,5491.35,0
5510,1,0,0,0.0,5,3,232.5,324.52,0
3266,1,0,0,1.0,5,6,109.3,303.34,0
5274,1,0,1,1.0,1,38,3777.15,4965.41,1
5711,24,0,0,0.0,4,7,605.45,899.24,0
2019,24,1,0,0.0,3,10,198.5,353.6,0
4033,1,0,0,0.0,3,2,49.7,59.7,0
4843,1,1,0,0.0,5,9,647.5,720.4,0
3573,1,0,1,1.0,3,10,855.3,975.5,1
4111,12,0,0,1.0,3,60,5453.4,7448.4,1
3162,24,0,0,1.0,4,14,692.35,692.35,0
5119,24,0,0,1.0,4,71,4310.35,4310.35,0
5027,12,0,1,1.0,4,67,6816.95,8522.77,0
5473,1,0,0,0.0,5,9,190.25,190.25,0
4982,24,0,1,1.0,1,71,7690.9,8119.86,1
5434,12,1,1,1.0,3,39,3835.55,4509.86,0
3398,24,0,0,0.0,5,32,614.45,1081.84,0
5709,24,0,1,1.0,3,69,6743.55,10148.7,0
5940,24,0,0,0.0,5,42,835.5,2757.0,0
6177,24,0,1,1.0,4,65,4929.55,6332.25,0
4511,24,0,1,1.0,3,70,7711.25,8735.35,0
6061,12,0,0,1.0,3,49,900.9,3330.32,0
5124,1,1,1,0.0,1,5,385.0,442.7,1
3274,1,1,0,0.0,5,25,460.2,515.14,0
3501,1,0,1,0.0,1,3,205.05,330.75,1
5247,12,0,0,0.0,3,50,1033.0,1897.5,0
4793,1,0,1,0.0,1,25,2368.4,2949.4,1
4495,24,1,1,1.0,3,72,7517.7,10824.66,0
4292,1,0,0,0.0,4,10,524.5,1014.9,0
5878,24,0,0,0.0,3,53,978.0,2206.01,0
4696,1,0,1,1.0,3,39,3017.65,4428.28,1
3771,1,0,1,0.0,5,16,875.35,967.99,0
2333,1,0,0,1.0,5,46,3168.0,4634.48,0
5355,1,0,0,0.0,4,2,53.15,62.99,0
4050,1,0,0,0.0,5,3,61.45,66.16,0
2003,24,0,1,1.0,5,9,678.45,1036.38,0
5020,1,1,0,0.0,1,1,59.2,72.78,1
4207,1,0,0,1.0,2,1,71.0,89.84,1
2241,1,0,0,0.0,1,25,2448.75,2580.5,1
3754,12,0,1,1.0,4,17,1470.05,1488.07,0
4975,24,1,1,0.0,3,53,3686.05,5166.34,0
5367,1,0,0,1.0,3,1,69.9,115.56,1
5644,1,0,0,1.0,2,1,68.95,90.6,1
4534,24,0,1,0.0,5,56,5744.35,6311.63,0
4529,12,0,0,1.0,4,62,3487.95,3981.47,0
3779,12,0,1,1.0,3,25,676.35,815.6,1
4725,24,0,0,1.0,3,51,1020.75,1982.16,0
6325,12,0,0,0.0,3,70,5222.3,6559.3,0
2789,1,1,0,0.0,4,5,286.8,486.95,0
4697,1,0,0,0.0,4,2,109.25,131.93,0
4138,1,0,0,0.0,4,1,44.0,70.15,0
4049,24,0,0,1.0,3,72,4546.0,4576.0,0
5116,24,0,1,0.0,4,7,475.0,497.33,0
5043,12,0,1,1.0,4,41,2531.8,4211.35,0
4993,24,0,1,0.0,3,58,5780.7,7585.08,0
4486,1,0,0,1.0,3,2,180.25,206.17,1
2401,1,0,0,1.0,3,4,245.15,383.91,0
4987,24,0,0,0.0,4,62,2337.45,2337.45,0
3843,1,0,0,0.0,5,33,2245.4,3754.16,0
4765,12,0,1,1.0,3,59,4096.9,5306.4,0
4461,12,0,1,1.0,2,33,3467.0,4840.13,1
6286,24,0,0,1.0,4,71,6045.9,6437.11,0
4327,12,0,0,0.0,3,22,417.0,1173.58,0
5561,12,0,0,1.0,3,51,4619.55,5694.12,0
5990,1,0,0,0.0,5,67,3579.15,3579.15,0
5322,12,0,0,0.0,5,6,124.4,187.64,0
4804,1,0,1,1.0,1,47,5127.95,6818.54,1
3199,24,0,1,0.0,5,35,3452.55,5032.1,0
4166,12,0,0,1.0,3,53,1021.8,3027.85,1
6271,24,0,0,0.0,3,57,1118.8,3326.41,0
4605,12,1,1,0.0,4,58,6225.4,8685.15,0
5310,1,0,1,0.0,3,68,3687.75,4048.15,0
4454,1,0,1,0.0,5,32,1739.6,2764.24,0
4644,24,0,1,1.0,3,71,6293.75,6968.25,0
5578,1,0,0,0.0,2,8,215.2,215.2,1
5629,12,1,1,0.0,3,69,5848.6,8574.08,0
4664,1,0,1,0.0,1,30,3046.15,4238.35,1
3598,1,1,1,0.0,3,5,259.4,354.25,0
5563,12,0,1,1.0,2,70,7968.85,9180.75,1
5646,12,0,0,0.0,3,46,1489.3,1489.3,0
5671,24,1,1,1.0,3,68,7849.85,10065.97,0
2313,12,0,0,0.0,2,30,2530.4,3840.7,1
4325,1,0,0,0.0,1,1,20.2,33.47,1
5625,24,0,0,1.0,5,53,1050.5,2331.51,0
4838,1,0,0,1.0,3,22,1490.4,1837.34,0
3107,1,0,0,1.0,5,1,19.5,39.61,0
4577,1,1,0,0.0,3,8,178.7,293.66,0
5252,1,0,0,0.0,3,5,109.6,283.6,0
3001,1,1,0,0.0,1,1,24.75,24.75,1
5408,24,0,1,0.0,3,34,894.3,1751.44,0
4138,1,0,0,0.0,1,1,52.2,86.24,1
5431,24,1,0,1.0,5,64,1274.05,2229.57,0
5584,24,0,0,0.0,4,41,3959.15,4352.72,0
3718,1,0,0,1.0,1,1,50.8,52.08,1
4458,12,0,0,1.0,3,25,1423.15,1423.15,0
5773,1,0,0,1.0,1,1,70.15,112.24,1
2804,1,0,0,0.0,5,8,504.05,874.37,0
6146,24,0,1,1.0,5,68,1614.9,3426.42,0
5656,12,0,0,1.0,3,43,2151.6,2151.6,0
4102,1,1,1,0.0,3,36,3684.95,5258.15,0
2104,1,0,1,1.0,1,24,2433.9,3628.14,1
4686,12,1,1,1.0,3,69,7234.8,8933.18,0
5754,24,0,1,1.0,5,55,6292.7,7002.75,0
5775,1,0,0,1.0,3,2,90.35,90.35,1
4978,12,0,0,0.0,4,14,795.15,1282.67,0
5707,1,0,0,0.0,2,1,19.7,21.61,1
3747,1,0,0,0.0,1,12,309.1,309.1,1
4164,1,0,0,0.0,4,4,235.65,323.93,0
3173,1,0,0,1.0,4,1,45.55,61.89,0
5052,12,0,1,0.0,1,62,6383.35,6824.17,1
4163,12,0,1,1.0,3,66,1699.15,3825.67,0
4172,1,1,1,0.0,3,66,4508.65,5998.18,0
4865,12,0,0,0.0,4,49,1782.0,1782.0,0
2553,1,0,0,1.0,5,35,1175.85,1205.85,0
5082,12,0,1,0.0,3,63,4111.35,6528.66,0
5531,24,0,1,0.0,3,68,6148.45,7595.92,0
5384,1,0,0,0.0,3,1,20.45,32.06,0
2926,24,1,1,0.0,3,38,3162.65,4877.59,0
3857,1,1,0,0.0,3,10,964.35,1393.65,0
4425,24,1,0,0.0,5,60,1270.55,3197.75,0
5488,12,0,0,1.0,3,60,3561.15,4475.55,0
5347,24,0,0,1.0,4,17,369.05,1037.83,0
5620,1,0,0,0.0,4,25,1837.7,1868.12,0
4709,12,0,0,0.0,3,59,4639.45,6385.85,0
5207,1,0,1,1.0,3,24,2404.85,3021.17,0
4252,24,0,0,1.0,4,49,4690.65,6539.35,0
4634,1,1,0,0.0,4,15,1151.55,1642.5,0
2539,12,0,0,1.0,3,1,19.65,43.06,0
4788,1,0,1,1.0,1,51,4750.95,5880.09,1
5404,24,0,0,0.0,4,47,945.7,3046.13,0
5811,1,0,0,0.0,1,8,740.3,976.22,1
4163,12,0,1,1.0,4,53,5718.2,6672.2,0
5369,1,0,0,1.0,4,8,216.45,226.45,0
3974,1,1,1,1.0,4,15,867.1,1199.85,0
3965,1,0,1,0.0,2,12,1384.75,1582.15,1
4965,1,0,1,1.0,5,14,1185.0,1822.98,0
3748,12,0,0,0.0,5,20,1859.5,2636.5,0
4054,24,1,1,0.0,3,72,6991.6,8488.48,0
2347,24,0,0,0.0,4,30,637.55,978.95,0
4652,1,0,1,0.0,3,36,3436.1,4034.06,1
5111,1,0,0,1.0,1,1,50.9,57.85,1
5613,24,1,0,1.0,4,2,130.5,215.6,0
4521,1,0,0,0.0,3,15,1505.45,1734.65,0
4205,1,1,0,0.0,3,43,2737.05,2977.85,0
3179,1,0,1,0.0,1,29,2952.85,3600.42,1
4591,1,0,0,0.0,1,24,971.3,971.3,1
2944,24,0,1,0.0,4,44,4495.65,5412.17,0
6213,24,0,0,1.0,4,60,1128.1,2995.3,0
4537,24,0,0,1.0,5,8,581.7,786.26,0
5757,12,0,0,0.0,4,68,6754.35,10211.03,0
2887,12,0,1,1.0,3,42,4298.45,4568.09,0
5156,12,0,0,0.0,5,26,2184.6,2957.32,0
2318,1,0,0,1.0,2,34,2416.1,2563.54,1
3864,1,0,0,1.0,1,5,126.05,284.85,1
4745,1,0,1,0.0,1,35,3653.35,4212.65,1
4676,24,1,1,1.0,3,52,1345.85,3920.37,0
4320,1,0,1,0.0,2,2,166.3,249.04,1
4761,24,0,1,0.0,4,72,8349.7,11272.18,0
5890,24,0,1,1.0,3,72,8425.3,11868.34,0
2014,1,0,1,0.0,1,3,264.85,379.12,1
4122,12,1,0,1.0,3,70,4138.7,4089.47,0
5010,24,1,1,1.0,3,71,7405.5,9181.92,0
4407,1,0,0,1.0,2,2,154.85,174.57,1
5184,24,1,0,0.0,4,68,5776.45,7652.57,0
5546,1,0,0,0.0,4,59,2997.45,2997.45,0
5957,12,0,0,0.0,3,52,2790.65,5238.33,0
5281,24,1,0,1.0,4,67,3281.65,3281.65,0
4997,1,0,1,0.0,1,20,1520.9,1757.3,1
4972,12,1,1,0.0,4,50,5431.4,7510.4,0
5996,1,0,0,1.0,1,1,74.3,113.96,1
4439,12,1,0,1.0,4,42,854.9,1246.76,0
5287,1,0,0,1.0,3,1,71.15,115.9,1
2404,1,0,1,1.0,3,26,2070.6,3004.0,1
4629,1,0,0,0.0,1,1,55.7,103.92,1
6012,24,0,1,1.0,4,72,5997.1,8087.26,0
4221,1,0,0,0.0,3,61,1182.55,4005.02,1
5046,24,0,1,1.0,3,72,6096.45,6474.45,0
3936,1,0,1,1.0,5,30,3096.9,4211.6,0
5186,12,0,1,1.0,4,59,6557.75,8945.48,0
4333,1,0,0,1.0,3,18,391.7,719.3,0
4330,24,0,1,0.0,5,24,1291.3,1609.14,0
2301,1,1,1,0.0,3,3,235.0,307.84,0
2009,1,0,1,0.0,3,30,2351.45,2437.25,0
4530,24,0,1,1.0,4,63,1559.3,1811.93,0
2420,1,0,1,0.0,3,27,2467.75,2925.13,1
3678,24,0,0,1.0,3,43,779.25,1067.78,0
3503,1,0,0,0.0,2,3,66.95,66.95,1
5306,24,0,0,0.0,5,72,1419.4,3039.53,0
5833,1,1,0,1.0,4,30,1307.8,1307.8,0
3708,1,1,0,0.0,4,4,284.9,433.82,0
2071,1,0,1,1.0,5,21,1558.7,2158.04,0
2508,1,0,1,0.0,3,47,4669.2,6912.51,0
3901,1,0,0,0.0,5,1,20.9,31.11,0
4006,12,0,0,0.0,5,30,576.65,870.95,0
4337,24,0,0,0.0,4,64,6605.55,6910.19,0
2845,12,1,0,0.0,4,21,1215.45,1965.57,0
3726,12,1,0,0.0,4,35,644.5,1537.7,0
5859,1,0,1,1.0,3,37,2841.55,3838.7,1
2504,12,1,0,0.0,3,36,2188.5,3896.7,0
5841,24,1,1,0.0,3,72,8476.5,9361.38,0
5975,12,1,0,0.0,3,38,2802.3,3997.4,0
5271,12,0,0,1.0,3,28,1546.3,2492.06,0
5594,12,1,0,0.0,4,43,776.25,1410.48,0
4994,24,0,1,1.0,3,71,6293.45,9088.14,0
3595,1,0,0,1.0,5,1,19.75,25.07,0
5807,1,1,0,0.0,4,40,2847.2,4012.8,0
3077,1,0,0,1.0,2,7,660.9,965.13,1
3086,1,0,0,0.0,1,1,84.85,120.92,1
4113,24,0,1,1.0,5,71,7413.55,10811.61,0
5350,24,0,1,0.0,3,71,6126.1,8617.49,0
4132,1,0,0,0.0,1,1,18.85,59.34,1
5227,1,0,0,1.0,5,8,554.45,853.41,0
5876,12,1,1,1.0,5,71,7113.75,9108.9,0
3982,1,0,1,0.0,3,37,2839.65,4226.78,1
3016,1,0,0,0.0,1,2,104.2,155.68,1
3672,1,0,0,0.0,3,6,314.6,549.56,0
3137,1,1,0,1.0,5,10,616.9,875.8,0
5749,1,1,1,1.0,5,19,910.45,1210.38,0
5435,1,0,0,1.0,1,5,259.8,368.44,1
4038,1,0,1,0.0,1,9,918.6,1356.99,1
3391,1,0,0,1.0,3,5,384.25,628.55,0
4986,1,0,0,0.0,4,11,425.1,425.1,0
5863,1,0,0,0.0,3,2,46.35,135.03,0
4838,12,0,0,0.0,5,56,1126.75,3863.47,0
2591,1,0,1,1.0,1,1,74.95,105.02,1
5590,24,0,0,1.0,4,72,5360.75,5880.19,0
2540,1,0,0,1.0,3,12,999.8,1535.0,0
3979,12,0,1,1.0,3,46,1165.9,1377.5,0
5432,1,0,1,0.0,5,16,1189.4,1602.68,0
2732,1,0,0,0.0,5,1,19.95,58.79,0
5580,1,1,0,1.0,3,27,1336.15,1857.79,0
6202,24,0,1,1.0,4,72,5396.25,7821.21,0
2405,1,0,0,0.0,3,11,999.9,1104.62,0
4798,24,1,1,0.0,3,54,3273.95,3734.57,0
3131,1,0,0,1.0,3,32,2324.7,2942.3,0
5174,24,0,0,0.0,3,50,1932.75,1932.75,0
5079,24,0,1,0.0,3,72,1937.4,2547.96,0
2831,1,0,0,1.0,5,18,1468.75,2040.97,0
5597,1,0,0,1.0,4,5,93.55,306.15,0
5860,24,1,0,1.0,3,44,819.95,1452.23,0
4291,1,1,1,0.0,5,9,501.2,711.44,0
5574,24,1,1,1.0,3,64,6997.3,8351.54,0
4369,12,0,0,0.0,3,13,592.65,976.02,0
2484,1,1,0,0.0,2,1,84.6,111.45,1
5208,1,0,1,1.0,5,17,475.25,605.47,0
4406,24,0,1,0.0,4,72,8022.85,9351.09,0
5063,24,1,0,1.0,3,61,3751.15,3751.15,0
4165,24,0,1,0.0,4,72,7470.1,10385.38,0
5286,1,0,1,1.0,3,11,1056.95,1398.83,1
3233,12,0,0,0.0,5,4,79.05,257.97,0
5523,1,1,1,1.0,4,1,50.05,93.1,0
2930,1,0,1,0.0,1,3,231.8,322.55,1
2259,1,0,1,0.0,4,7,485.25,532.92,0
5904,1,0,1,1.0,2,49,4718.25,6303.89,1
5480,24,0,0,0.0,5,46,927.1,2328.72,0
4260,12,0,0,0.0,3,60,4224.7,6557.5,0
3875,24,0,0,1.0,3,25,475.2,823.45,0
5428,12,0,1,0.0,5,62,5936.55,6643.97,0
4566,1,0,0,0.0,1,2,85.5,95.5,1
5390,24,1,0,0.0,4,4,96.85,111.13,0
4934,1,0,1,1.0,1,3,264.8,307.64,1
5643,12,1,1,1.0,3,42,3923.8,4331.34,0
4258,12,0,1,0.0,3,31,2344.5,3243.37,0
4465,1,0,1,0.0,3,52,5088.4,5541.48,0
4886,12,0,1,1.0,5,51,1266.4,2970.85,0
3666,1,0,0,1.0,1,19,1490.95,1875.89,1
2764,1,0,0,1.0,4,20,1023.85,1102.65,0
2011,1,0,0,1.0,4,3,57.5,172.73,0
4871,24,0,0,1.0,4,36,1126.35,1126.35,0
3590,1,0,1,0.0,1,32,2954.5,4525.94,1
5398,24,0,1,1.0,5,72,1777.6,3886.48,0
5688,1,0,0,0.0,1,1,25.2,25.2,1
5596,24,0,0,1.0,5,19,358.15,1017.07,0
4688,12,0,1,1.0,1,66,6615.15,9963.97,1
5374,24,0,1,1.0,4,72,1776.0,3718.56,0
2198,1,0,1,0.0,3,24,1938.05,2557.49,0
5136,12,1,0,1.0,5,25,1266.35,2248.09,0
5949,1,0,1,1.0,3,32,2447.95,3170.19,1
4515,24,0,1,0.0,3,72,4265.0,5174.36,0
4734,1,1,1,0.0,1,41,3326.2,5181.86,1
5255,1,0,1,0.0,3,30,2804.45,3014.75,1
2098,12,0,1,1.0,1,41,4213.35,6056.65,1
2088,12,0,0,0.0,5,3,52.05,88.2,0
2169,1,0,1,1.0,1,41,4187.75,5912.21,1
5833,12,1,0,0.0,4,57,5598.0,5836.26,0
2992,1,0,0,0.0,4,13,886.7,1217.86,0
4622,1,0,1,0.0,1,47,4533.7,4668.59,1
3052,24,0,1,0.0,4,42,1108.2,2520.66,0
5569,1,0,1,1.0,1,2,181.7,223.68,1
5643,12,0,0,0.0,3,71,6046.1,7683.36,0
4924,1,0,0,0.0,4,11,888.75,1225.02,0
3662,24,0,0,0.0,4,5,287.85,527.8,0
5479,12,0,1,0.0,3,71,7521.95,9433.61,0
6026,12,0,1,1.0,5,57,6252.7,6709.27,0
4474,24,0,0,1.0,4,58,4048.95,6802.21,0
5314,24,1,1,1.0,3,65,5215.1,5563.85,0
4014,1,0,1,0.0,3,34,3000.25,3475.23,0
5433,24,0,0,1.0,3,11,223.15,385.15,0
5643,1,0,0,1.0,1,17,1574.45,2287.6,1
4277,1,1,0,1.0,4,55,1087.25,2808.75,0
4022,24,1,1,1.0,4,50,3486.65,5711.15,0
2587,12,0,0,1.0,3,7,220.45,208.62,0
2270,1,0,0,0.0,1,22,1054.6,1161.5,1
2221,1,0,1,1.0,3,44,4060.55,5500.23,0
5320,24,1,1,1.0,5,52,1229.1,3326.26,0
3820,24,0,1,0.0,4,28,1867.6,2223.76,0
6423,24,0,1,0.0,3,71,7623.2,10094.0,0
3149,1,1,0,1.0,5,7,174.7,523.51,0
4227,1,0,0,1.0,4,6,323.45,357.59,0
5956,12,0,0,0.0,4,42,958.1,1934.6,0
5811,1,0,0,0.0,4,10,199.45,437.85,0
4005,1,0,1,1.0,5,58,5749.8,8495.52,0
3233,1,0,1,0.0,3,30,2723.15,3682.25,0
4590,1,0,0,0.0,3,1,19.9,27.66,0
5602,12,0,0,0.0,4,22,1820.9,2306.48,0
4458,12,1,0,1.0,5,18,345.9,850.98,0
4115,1,0,0,1.0,3,57,3437.45,3437.45,0
5574,12,0,0,0.0,3,17,1387.35,1603.08,0
